Keys_CS,Genre,Species,Full,Country_basemap
Abramis brama Ireland,Abramis,brama,Abramis brama,Ireland
Abramis brama Italy,Abramis,brama,Abramis brama,Italy
Acipenser gueldenstaedtii Sweden,Acipenser,gueldenstaedtii,Acipenser gueldenstaedtii,Sweden
Acipenser ruthenus Latvia,Acipenser,ruthenus,Acipenser ruthenus,Latvia
Acipenser ruthenus Sweden,Acipenser,ruthenus,Acipenser ruthenus,Sweden
Acipenser ruthenus United Kingdom,Acipenser,ruthenus,Acipenser ruthenus,United Kingdom
Alburnus alburnus Cyprus,Alburnus,alburnus,Alburnus alburnus,Cyprus
Alburnus alburnus Italy,Alburnus,alburnus,Alburnus alburnus,Italy
Alburnus alburnus Portugal,Alburnus,alburnus,Alburnus alburnus,Portugal
Alburnus alburnus Spain,Alburnus,alburnus,Alburnus alburnus,Spain
Amatitlania nigrofasciata Italy,Amatitlania,nigrofasciata,Amatitlania nigrofasciata,Italy
Ambloplites rupestris France,Ambloplites,rupestris,Ambloplites rupestris,France
Ambloplites rupestris United Kingdom,Ambloplites,rupestris,Ambloplites rupestris,United Kingdom
Ameiurus melas Austria,Ameiurus,melas,Ameiurus melas,Austria
Ameiurus melas Belgium,Ameiurus,melas,Ameiurus melas,Belgium
Ameiurus melas France,Ameiurus,melas,Ameiurus melas,France
Ameiurus melas Hungary,Ameiurus,melas,Ameiurus melas,Hungary
Ameiurus melas Hungary,Ameiurus,melas,Ameiurus melas,Hungary
Ameiurus melas Italy,Ameiurus,melas,Ameiurus melas,Italy
Ameiurus melas Netherlands,Ameiurus,melas,Ameiurus melas,Netherlands
Ameiurus melas Netherlands,Ameiurus,melas,Ameiurus melas,Netherlands
Ameiurus melas Netherlands,Ameiurus,melas,Ameiurus melas,Netherlands
Ameiurus melas Norway,Ameiurus,melas,Ameiurus melas,Norway
Ameiurus melas Poland,Ameiurus,melas,Ameiurus melas,Poland
Ameiurus melas Portugal,Ameiurus,melas,Ameiurus melas,Portugal
Ameiurus melas Spain,Ameiurus,melas,Ameiurus melas,Spain
Ameiurus melas Switzerland,Ameiurus,melas,Ameiurus melas,Switzerland
Ameiurus melas United Kingdom,Ameiurus,melas,Ameiurus melas,United Kingdom
Ameiurus natalis Italy,Ameiurus,natalis,Ameiurus natalis,Italy
Ameiurus nebulosus Austria,Ameiurus,nebulosus,Ameiurus nebulosus,Austria
Ameiurus nebulosus Belarus,Ameiurus,nebulosus,Ameiurus nebulosus,Belarus
Ameiurus nebulosus Belgium,Ameiurus,nebulosus,Ameiurus nebulosus,Belgium
Ameiurus nebulosus Bulgaria,Ameiurus,nebulosus,Ameiurus nebulosus,Bulgaria
Ameiurus nebulosus Czech Republic,Ameiurus,nebulosus,Ameiurus nebulosus,Czechia
Ameiurus nebulosus Denmark,Ameiurus,nebulosus,Ameiurus nebulosus,Denmark
Ameiurus nebulosus Finland,Ameiurus,nebulosus,Ameiurus nebulosus,Finland
Ameiurus nebulosus France,Ameiurus,nebulosus,Ameiurus nebulosus,France
Ameiurus nebulosus Germany,Ameiurus,nebulosus,Ameiurus nebulosus,Germany
Ameiurus nebulosus Hungary,Ameiurus,nebulosus,Ameiurus nebulosus,Hungary
Ameiurus nebulosus Ireland,Ameiurus,nebulosus,Ameiurus nebulosus,Ireland
Ameiurus nebulosus Italy,Ameiurus,nebulosus,Ameiurus nebulosus,Italy
Ameiurus nebulosus Netherlands,Ameiurus,nebulosus,Ameiurus nebulosus,Netherlands
Ameiurus nebulosus Poland,Ameiurus,nebulosus,Ameiurus nebulosus,Poland
Ameiurus nebulosus Romania,Ameiurus,nebulosus,Ameiurus nebulosus,Romania
Ameiurus nebulosus Slovakia,Ameiurus,nebulosus,Ameiurus nebulosus,Slovakia
Ameiurus nebulosus Spain,Ameiurus,nebulosus,Ameiurus nebulosus,Spain
Ameiurus nebulosus United Kingdom,Ameiurus,nebulosus,Ameiurus nebulosus,United Kingdom
Anguilla anguilla Finland,Anguilla,anguilla,Anguilla anguilla,Finland
Anguilla anguilla Romania,Anguilla,anguilla,Anguilla anguilla,Romania
Australoheros facetus Portugal,Australoheros,facetus,Australoheros facetus,Portugal
Australoheros facetus Spain,Australoheros,facetus,Australoheros facetus,Spain
Babka gymnotrachelus Austria,Babka,gymnotrachelus,Babka gymnotrachelus,Austria
Babka gymnotrachelus Poland,Babka,gymnotrachelus,Babka gymnotrachelus,Poland
Barbatula barbatula Ireland,Barbatula,barbatula,Barbatula barbatula,Ireland
Barbus balcanicus Italy,Barbus,balcanicus,Barbus balcanicus,Italy
Barbus barbus Italy,Barbus,barbus,Barbus barbus,Italy
Barbus barbus United Kingdom,Barbus,barbus,Barbus barbus,United Kingdom
Barbus cyclolepis Serbia,Barbus,cyclolepis,Barbus cyclolepis,Republic of Serbia
Barbus peloponnesius Italy,Barbus,peloponnesius,Barbus peloponnesius,Italy
Blicca bjoerkna Cyprus,Blicca,bjoerkna,Blicca bjoerkna,Cyprus
Blicca bjoerkna Italy,Blicca,bjoerkna,Blicca bjoerkna,Italy
Blicca bjoerkna Spain,Blicca,bjoerkna,Blicca bjoerkna,Spain
Carassius auratus Albania,Carassius,auratus,Carassius auratus,Albania
Carassius auratus Austria,Carassius,auratus,Carassius auratus,Austria
Carassius auratus Belgium,Carassius,auratus,Carassius auratus,Belgium
Carassius auratus Bulgaria,Carassius,auratus,Carassius auratus,Bulgaria
Carassius auratus Croatia,Carassius,auratus,Carassius auratus,Croatia
Carassius auratus Cyprus,Carassius,auratus,Carassius auratus,Cyprus
Carassius auratus Czech Republic,Carassius,auratus,Carassius auratus,Czechia
Carassius auratus Denmark,Carassius,auratus,Carassius auratus,Denmark
Carassius auratus France,Carassius,auratus,Carassius auratus,France
Carassius auratus Germany,Carassius,auratus,Carassius auratus,Germany
Carassius auratus Hungary,Carassius,auratus,Carassius auratus,Hungary
Carassius auratus Italy,Carassius,auratus,Carassius auratus,Italy
Carassius auratus Latvia,Carassius,auratus,Carassius auratus,Latvia
Carassius auratus Lithuania,Carassius,auratus,Carassius auratus,Lithuania
Carassius auratus Netherlands,Carassius,auratus,Carassius auratus,Netherlands
Carassius auratus Poland,Carassius,auratus,Carassius auratus,Poland
Carassius auratus Portugal,Carassius,auratus,Carassius auratus,Portugal
Carassius auratus Romania,Carassius,auratus,Carassius auratus,Romania
Carassius auratus Slovakia,Carassius,auratus,Carassius auratus,Slovakia
Carassius auratus Spain,Carassius,auratus,Carassius auratus,Spain
Carassius auratus Sweden,Carassius,auratus,Carassius auratus,Sweden
Carassius auratus Switzerland,Carassius,auratus,Carassius auratus,Switzerland
Carassius auratus United Kingdom,Carassius,auratus,Carassius auratus,United Kingdom
Carassius carassius Belgium,Carassius,carassius,Carassius carassius,Belgium
Carassius carassius Cyprus,Carassius,carassius,Carassius carassius,Cyprus
Carassius carassius France,Carassius,carassius,Carassius carassius,France
Carassius carassius Spain,Carassius,carassius,Carassius carassius,Spain
Carassius carassius United Kingdom,Carassius,carassius,Carassius carassius,United Kingdom
Carassius gibelio Austria,Carassius,gibelio,Carassius gibelio,Austria
Carassius gibelio Belarus,Carassius,gibelio,Carassius gibelio,Belarus
Carassius gibelio Belgium,Carassius,gibelio,Carassius gibelio,Belgium
Carassius gibelio Czech Republic,Carassius,gibelio,Carassius gibelio,Czechia
Carassius gibelio Estonia,Carassius,gibelio,Carassius gibelio,Estonia
Carassius gibelio Finland,Carassius,gibelio,Carassius gibelio,Finland
Carassius gibelio France,Carassius,gibelio,Carassius gibelio,France
Carassius gibelio Lithuania,Carassius,gibelio,Carassius gibelio,Lithuania
Carassius gibelio Netherlands,Carassius,gibelio,Carassius gibelio,Netherlands
Carassius gibelio Poland,Carassius,gibelio,Carassius gibelio,Poland
Carassius gibelio Slovakia,Carassius,gibelio,Carassius gibelio,Slovakia
Carassius gibelio Switzerland,Carassius,gibelio,Carassius gibelio,Switzerland
Chondrostoma nasus Czech Republic,Chondrostoma,nasus,Chondrostoma nasus,Czechia
Chondrostoma nasus France,Chondrostoma,nasus,Chondrostoma nasus,France
Chondrostoma nasus Italy,Chondrostoma,nasus,Chondrostoma nasus,Italy
Clarias gariepinus Czech Republic,Clarias,gariepinus,Clarias gariepinus,Czechia
Clupeonella cultriventris Ukraine,Clupeonella,cultriventris,Clupeonella cultriventris,Ukraine
Coregonus albula Netherlands,Coregonus,albula,Coregonus albula,Netherlands
Coregonus lavaretus Belgium,Coregonus,lavaretus,Coregonus lavaretus,Belgium
Coregonus lavaretus Bulgaria,Coregonus,lavaretus,Coregonus lavaretus,Bulgaria
Coregonus lavaretus Czech Republic,Coregonus,lavaretus,Coregonus lavaretus,Czechia
Coregonus lavaretus Germany,Coregonus,lavaretus,Coregonus lavaretus,Germany
Coregonus lavaretus Italy,Coregonus,lavaretus,Coregonus lavaretus,Italy
Coregonus lavaretus Slovakia,Coregonus,lavaretus,Coregonus lavaretus,Slovakia
Coregonus macrophthalmus Italy,Coregonus,macrophthalmus,Coregonus macrophthalmus,Italy
Coregonus maraena Czech Republic,Coregonus,maraena,Coregonus maraena,Czechia
Coregonus maraenoides Belarus,Coregonus,maraenoides,Coregonus maraenoides,Belarus
Coregonus nasus Belgium,Coregonus,nasus,Coregonus nasus,Belgium
Coregonus oxyrinchus Italy,Coregonus,oxyrinchus,Coregonus oxyrinchus,Italy
Coregonus peled Belarus,Coregonus,peled,Coregonus peled,Belarus
Coregonus peled Belgium,Coregonus,peled,Coregonus peled,Belgium
Coregonus peled Bulgaria,Coregonus,peled,Coregonus peled,Bulgaria
Coregonus peled Czech Republic,Coregonus,peled,Coregonus peled,Czechia
Coregonus peled Estonia,Coregonus,peled,Coregonus peled,Estonia
Coregonus peled Finland,Coregonus,peled,Coregonus peled,Finland
Coregonus peled Germany,Coregonus,peled,Coregonus peled,Germany
Coregonus peled Hungary,Coregonus,peled,Coregonus peled,Hungary
Coregonus peled Latvia,Coregonus,peled,Coregonus peled,Latvia
Coregonus peled Poland,Coregonus,peled,Coregonus peled,Poland
Coregonus peled Romania,Coregonus,peled,Coregonus peled,Romania
Coregonus peled Slovakia,Coregonus,peled,Coregonus peled,Slovakia
Coregonus wartmanni Italy,Coregonus,wartmanni,Coregonus wartmanni,Italy
Ctenopharyngodon idella Belarus,Ctenopharyngodon,idella,Ctenopharyngodon idella,Belarus
Ctenopharyngodon idella Belgium,Ctenopharyngodon,idella,Ctenopharyngodon idella,Belgium
Ctenopharyngodon idella Belgium,Ctenopharyngodon,idella,Ctenopharyngodon idella,Belgium
Ctenopharyngodon idella Czech Republic,Ctenopharyngodon,idella,Ctenopharyngodon idella,Czechia
Ctenopharyngodon idella Finland,Ctenopharyngodon,idella,Ctenopharyngodon idella,Finland
Ctenopharyngodon idella Hungary,Ctenopharyngodon,idella,Ctenopharyngodon idella,Hungary
Ctenopharyngodon idella Hungary,Ctenopharyngodon,idella,Ctenopharyngodon idella,Hungary
Ctenopharyngodon idella Italy,Ctenopharyngodon,idella,Ctenopharyngodon idella,Italy
Ctenopharyngodon idella Poland,Ctenopharyngodon,idella,Ctenopharyngodon idella,Poland
Ctenopharyngodon idella Romania,Ctenopharyngodon,idella,Ctenopharyngodon idella,Romania
Ctenopharyngodon idella Romania,Ctenopharyngodon,idella,Ctenopharyngodon idella,Romania
Ctenopharyngodon idella Serbia,Ctenopharyngodon,idella,Ctenopharyngodon idella,Republic of Serbia
Ctenopharyngodon idella Serbia,Ctenopharyngodon,idella,Ctenopharyngodon idella,Republic of Serbia
Ctenopharyngodon idella Serbia,Ctenopharyngodon,idella,Ctenopharyngodon idella,Republic of Serbia
Culaea inconstans Finland,Culaea,inconstans,Culaea inconstans,Finland
Cyprinus carpio Albania,Cyprinus,carpio,Cyprinus carpio,Albania
Cyprinus carpio Belarus,Cyprinus,carpio,Cyprinus carpio,Belarus
Cyprinus carpio Belgium,Cyprinus,carpio,Cyprinus carpio,Belgium
Cyprinus carpio Bosnia and Herzegovina,Cyprinus,carpio,Cyprinus carpio,Bosnia and Herzegovina
Cyprinus carpio Czech Republic,Cyprinus,carpio,Cyprinus carpio,Czechia
Cyprinus carpio Denmark,Cyprinus,carpio,Cyprinus carpio,Denmark
Cyprinus carpio France,Cyprinus,carpio,Cyprinus carpio,France
Cyprinus carpio Germany,Cyprinus,carpio,Cyprinus carpio,Germany
Cyprinus carpio Greece,Cyprinus,carpio,Cyprinus carpio,Greece
Cyprinus carpio Hungary,Cyprinus,carpio,Cyprinus carpio,Hungary
Cyprinus carpio Ireland,Cyprinus,carpio,Cyprinus carpio,Ireland
Cyprinus carpio Italy,Cyprinus,carpio,Cyprinus carpio,Italy
Cyprinus carpio Liechtenstein,Cyprinus,carpio,Cyprinus carpio,Liechtenstein
Cyprinus carpio Luxembourg,Cyprinus,carpio,Cyprinus carpio,Luxembourg
Cyprinus carpio Netherlands,Cyprinus,carpio,Cyprinus carpio,Netherlands
Cyprinus carpio Norway,Cyprinus,carpio,Cyprinus carpio,Norway
Cyprinus carpio Poland,Cyprinus,carpio,Cyprinus carpio,Poland
Cyprinus carpio Portugal,Cyprinus,carpio,Cyprinus carpio,Portugal
Cyprinus carpio Romania,Cyprinus,carpio,Cyprinus carpio,Romania
Cyprinus carpio Spain,Cyprinus,carpio,Cyprinus carpio,Spain
Cyprinus carpio Sweden,Cyprinus,carpio,Cyprinus carpio,Sweden
Cyprinus carpio Switzerland,Cyprinus,carpio,Cyprinus carpio,Switzerland
Cyprinus carpio United Kingdom,Cyprinus,carpio,Cyprinus carpio,United Kingdom
Esox lucius Ireland,Esox,lucius,Esox lucius,Ireland
Esox lucius Ireland,Esox,lucius,Esox lucius,Ireland
Esox lucius Portugal,Esox,lucius,Esox lucius,Portugal
Esox lucius Spain,Esox,lucius,Esox lucius,Spain
Esox lucius United Kingdom,Esox,lucius,Esox lucius,United Kingdom
Fundulus heteroclitus Portugal,Fundulus,heteroclitus,Fundulus heteroclitus,Portugal
Fundulus heteroclitus Spain,Fundulus,heteroclitus,Fundulus heteroclitus,Spain
Gambusia affinis Bulgaria,Gambusia,affinis,Gambusia affinis,Bulgaria
Gambusia affinis France,Gambusia,affinis,Gambusia affinis,France
Gambusia affinis Greece,Gambusia,affinis,Gambusia affinis,Greece
Gambusia affinis Hungary,Gambusia,affinis,Gambusia affinis,Hungary
Gambusia affinis Italy,Gambusia,affinis,Gambusia affinis,Italy
Gambusia affinis Portugal,Gambusia,affinis,Gambusia affinis,Portugal
Gambusia affinis Romania,Gambusia,affinis,Gambusia affinis,Romania
Gambusia affinis Spain,Gambusia,affinis,Gambusia affinis,Spain
Gambusia holbrooki Bulgaria,Gambusia,holbrooki,Gambusia holbrooki,Bulgaria
Gambusia holbrooki Hungary,Gambusia,holbrooki,Gambusia holbrooki,Hungary
Gambusia holbrooki Italy,Gambusia,holbrooki,Gambusia holbrooki,Italy
Gambusia holbrooki Spain,Gambusia,holbrooki,Gambusia holbrooki,Spain
Gasterosteus aculeatus Austria,Gasterosteus,aculeatus,Gasterosteus aculeatus,Austria
Gasterosteus aculeatus Belarus,Gasterosteus,aculeatus,Gasterosteus aculeatus,Belarus
Gasterosteus aculeatus Czech Republic,Gasterosteus,aculeatus,Gasterosteus aculeatus,Czechia
Gasterosteus aculeatus Italy,Gasterosteus,aculeatus,Gasterosteus aculeatus,Italy
Gobio gobio Ireland,Gobio,gobio,Gobio gobio,Ireland
Gobio gobio Italy,Gobio,gobio,Gobio gobio,Italy
Gobio gobio Norway,Gobio,gobio,Gobio gobio,Norway
Gobio gobio Portugal,Gobio,gobio,Gobio gobio,Portugal
Gobio lozanoi Portugal,Gobio,lozanoi,Gobio lozanoi,Portugal
Gymnocephalus cernua France,Gymnocephalus,cernua,Gymnocephalus cernua,France
Gymnocephalus cernua Italy,Gymnocephalus,cernua,Gymnocephalus cernua,Italy
Gymnocephalus cernua United Kingdom,Gymnocephalus,cernua,Gymnocephalus cernua,United Kingdom
Gymnocephalus cernua United Kingdom,Gymnocephalus,cernua,Gymnocephalus cernua,United Kingdom
Hucho hucho Spain,Hucho,hucho,Hucho hucho,Spain
Hypophthalmichthys molitrix Czech Republic,Hypophthalmichthys,molitrix,Hypophthalmichthys molitrix,Czechia
Hypophthalmichthys molitrix Hungary,Hypophthalmichthys,molitrix,Hypophthalmichthys molitrix,Hungary
Hypophthalmichthys molitrix Hungary,Hypophthalmichthys,molitrix,Hypophthalmichthys molitrix,Hungary
Hypophthalmichthys molitrix Hungary,Hypophthalmichthys,molitrix,Hypophthalmichthys molitrix,Hungary
Hypophthalmichthys molitrix Italy,Hypophthalmichthys,molitrix,Hypophthalmichthys molitrix,Italy
Hypophthalmichthys molitrix Romania,Hypophthalmichthys,molitrix,Hypophthalmichthys molitrix,Romania
Hypophthalmichthys molitrix Serbia,Hypophthalmichthys,molitrix,Hypophthalmichthys molitrix,Republic of Serbia
Hypophthalmichthys molitrix Serbia,Hypophthalmichthys,molitrix,Hypophthalmichthys molitrix,Republic of Serbia
Hypophthalmichthys molitrix Serbia,Hypophthalmichthys,molitrix,Hypophthalmichthys molitrix,Republic of Serbia
Hypophthalmichthys molitrix Slovakia,Hypophthalmichthys,molitrix,Hypophthalmichthys molitrix,Slovakia
Hypophthalmichthys molitrix Sweden,Hypophthalmichthys,molitrix,Hypophthalmichthys molitrix,Sweden
Hypophthalmichthys nobilis Belarus,Hypophthalmichthys,nobilis,Hypophthalmichthys nobilis,Belarus
Hypophthalmichthys nobilis Romania,Hypophthalmichthys,nobilis,Hypophthalmichthys nobilis,Romania
Hypophthalmichthys nobilis Sweden,Hypophthalmichthys,nobilis,Hypophthalmichthys nobilis,Sweden
Ictalurus punctatus Bulgaria,Ictalurus,punctatus,Ictalurus punctatus,Bulgaria
Ictalurus punctatus Italy,Ictalurus,punctatus,Ictalurus punctatus,Italy
Ictalurus punctatus Ukraine,Ictalurus,punctatus,Ictalurus punctatus,Ukraine
Ictiobus bubalus Bulgaria,Ictiobus,bubalus,Ictiobus bubalus,Bulgaria
Ictiobus bubalus Hungary,Ictiobus,bubalus,Ictiobus bubalus,Hungary
Ictiobus cyprinellus Bulgaria,Ictiobus,cyprinellus,Ictiobus cyprinellus,Bulgaria
Ictiobus niger Bulgaria,Ictiobus,niger,Ictiobus niger,Bulgaria
Lepomis auritus Germany,Lepomis,auritus,Lepomis auritus,Germany
Lepomis auritus Italy,Lepomis,auritus,Lepomis auritus,Italy
Lepomis cyanellus Germany,Lepomis,cyanellus,Lepomis cyanellus,Germany
Lepomis gibbosus Austria,Lepomis,gibbosus,Lepomis gibbosus,Austria
Lepomis gibbosus Belgium,Lepomis,gibbosus,Lepomis gibbosus,Belgium
Lepomis gibbosus Bosnia and Herzegovina,Lepomis,gibbosus,Lepomis gibbosus,Bosnia and Herzegovina
Lepomis gibbosus Bulgaria,Lepomis,gibbosus,Lepomis gibbosus,Bulgaria
Lepomis gibbosus Croatia,Lepomis,gibbosus,Lepomis gibbosus,Croatia
Lepomis gibbosus Czech Republic,Lepomis,gibbosus,Lepomis gibbosus,Czechia
Lepomis gibbosus France,Lepomis,gibbosus,Lepomis gibbosus,France
Lepomis gibbosus Germany,Lepomis,gibbosus,Lepomis gibbosus,Germany
Lepomis gibbosus Greece,Lepomis,gibbosus,Lepomis gibbosus,Greece
Lepomis gibbosus Hungary,Lepomis,gibbosus,Lepomis gibbosus,Hungary
Lepomis gibbosus Italy,Lepomis,gibbosus,Lepomis gibbosus,Italy
Lepomis gibbosus Macedonia,Lepomis,gibbosus,Lepomis gibbosus,Macedonia
Lepomis gibbosus Netherlands,Lepomis,gibbosus,Lepomis gibbosus,Netherlands
Lepomis gibbosus Poland,Lepomis,gibbosus,Lepomis gibbosus,Poland
Lepomis gibbosus Portugal,Lepomis,gibbosus,Lepomis gibbosus,Portugal
Lepomis gibbosus Romania,Lepomis,gibbosus,Lepomis gibbosus,Romania
Lepomis gibbosus Serbia,Lepomis,gibbosus,Lepomis gibbosus,Republic of Serbia
Lepomis gibbosus Slovakia,Lepomis,gibbosus,Lepomis gibbosus,Slovakia
Lepomis gibbosus Slovenia,Lepomis,gibbosus,Lepomis gibbosus,Slovenia
Lepomis gibbosus Spain,Lepomis,gibbosus,Lepomis gibbosus,Spain
Lepomis gibbosus Switzerland,Lepomis,gibbosus,Lepomis gibbosus,Switzerland
Lepomis gibbosus United Kingdom,Lepomis,gibbosus,Lepomis gibbosus,United Kingdom
Leucaspius delineatus Belgium,Leucaspius,delineatus,Leucaspius delineatus,Belgium
Leucaspius delineatus Finland,Leucaspius,delineatus,Leucaspius delineatus,Finland
Leucaspius delineatus Norway,Leucaspius,delineatus,Leucaspius delineatus,Norway
Leucaspius delineatus Switzerland,Leucaspius,delineatus,Leucaspius delineatus,Switzerland
Leucaspius delineatus United Kingdom,Leucaspius,delineatus,Leucaspius delineatus,United Kingdom
Leuciscus aspius Belgium,Leuciscus,aspius,Leuciscus aspius,Belgium
Leuciscus aspius France,Leuciscus,aspius,Leuciscus aspius,France
Leuciscus aspius Italy,Leuciscus,aspius,Leuciscus aspius,Italy
Leuciscus aspius Netherlands,Leuciscus,aspius,Leuciscus aspius,Netherlands
Leuciscus aspius Switzerland,Leuciscus,aspius,Leuciscus aspius,Switzerland
Leuciscus idus United Kingdom,Leuciscus,idus,Leuciscus idus,United Kingdom
Leuciscus leuciscus France,Leuciscus,leuciscus,Leuciscus leuciscus,France
Leuciscus leuciscus Ireland,Leuciscus,leuciscus,Leuciscus leuciscus,Ireland
Leuciscus leuciscus Italy,Leuciscus,leuciscus,Leuciscus leuciscus,Italy
Leucos basak Italy,Leucos,basak,Leucos basak,Italy
Lota lota Italy,Lota,lota,Lota lota,Italy
Luciobarbus graellsii Italy,Luciobarbus,graellsii,Luciobarbus graellsii,Italy
Micropterus dolomieu Belgium,Micropterus,dolomieu,Micropterus dolomieu,Belgium
Micropterus salmoides Austria,Micropterus,salmoides,Micropterus salmoides,Austria
Micropterus salmoides Belgium,Micropterus,salmoides,Micropterus salmoides,Belgium
Micropterus salmoides Cyprus,Micropterus,salmoides,Micropterus salmoides,Cyprus
Micropterus salmoides France,Micropterus,salmoides,Micropterus salmoides,France
Micropterus salmoides Hungary,Micropterus,salmoides,Micropterus salmoides,Hungary
Micropterus salmoides Italy,Micropterus,salmoides,Micropterus salmoides,Italy
Micropterus salmoides Portugal,Micropterus,salmoides,Micropterus salmoides,Portugal
Micropterus salmoides Romania,Micropterus,salmoides,Micropterus salmoides,Romania
Micropterus salmoides Slovakia,Micropterus,salmoides,Micropterus salmoides,Slovakia
Micropterus salmoides Spain,Micropterus,salmoides,Micropterus salmoides,Spain
Micropterus salmoides Switzerland,Micropterus,salmoides,Micropterus salmoides,Switzerland
Misgurnus anguillicaudatus Germany,Misgurnus,anguillicaudatus,Misgurnus anguillicaudatus,Germany
Misgurnus anguillicaudatus Italy,Misgurnus,anguillicaudatus,Misgurnus anguillicaudatus,Italy
Misgurnus fossilis Italy,Misgurnus,fossilis,Misgurnus fossilis,Italy
Misgurnus fossilis Spain,Misgurnus,fossilis,Misgurnus fossilis,Spain
Mylopharyngodon piceus Bulgaria,Mylopharyngodon,piceus,Mylopharyngodon piceus,Bulgaria
Mylopharyngodon piceus Romania,Mylopharyngodon,piceus,Mylopharyngodon piceus,Romania
Neogobius fluviatilis Hungary,Neogobius,fluviatilis,Neogobius fluviatilis,Hungary
Neogobius fluviatilis Poland,Neogobius,fluviatilis,Neogobius fluviatilis,Poland
Neogobius melanostomus Austria,Neogobius,melanostomus,Neogobius melanostomus,Austria
Neogobius melanostomus Belgium,Neogobius,melanostomus,Neogobius melanostomus,Belgium
Neogobius melanostomus Czech Republic,Neogobius,melanostomus,Neogobius melanostomus,Czechia
Neogobius melanostomus Sweden,Neogobius,melanostomus,Neogobius melanostomus,Sweden
Odontesthes bonariensis Italy,Odontesthes,bonariensis,Odontesthes bonariensis,Italy
Oncorhynchus clarkii Sweden,Oncorhynchus,clarkii,Oncorhynchus clarkii,Sweden
Oncorhynchus gorbuscha United Kingdom,Oncorhynchus,gorbuscha,Oncorhynchus gorbuscha,United Kingdom
Oncorhynchus kisutch France,Oncorhynchus,kisutch,Oncorhynchus kisutch,France
Oncorhynchus mykiss Austria,Oncorhynchus,mykiss,Oncorhynchus mykiss,Austria
Oncorhynchus mykiss Croatia,Oncorhynchus,mykiss,Oncorhynchus mykiss,Croatia
Oncorhynchus mykiss Czech Republic,Oncorhynchus,mykiss,Oncorhynchus mykiss,Czechia
Oncorhynchus mykiss Denmark,Oncorhynchus,mykiss,Oncorhynchus mykiss,Denmark
Oncorhynchus mykiss France,Oncorhynchus,mykiss,Oncorhynchus mykiss,France
Oncorhynchus mykiss Germany,Oncorhynchus,mykiss,Oncorhynchus mykiss,Germany
Oncorhynchus mykiss Hungary,Oncorhynchus,mykiss,Oncorhynchus mykiss,Hungary
Oncorhynchus mykiss Italy,Oncorhynchus,mykiss,Oncorhynchus mykiss,Italy
Oncorhynchus mykiss Poland,Oncorhynchus,mykiss,Oncorhynchus mykiss,Poland
Oncorhynchus mykiss Poland,Oncorhynchus,mykiss,Oncorhynchus mykiss,Poland
Oncorhynchus mykiss Portugal,Oncorhynchus,mykiss,Oncorhynchus mykiss,Portugal
Oncorhynchus mykiss Romania,Oncorhynchus,mykiss,Oncorhynchus mykiss,Romania
Oncorhynchus mykiss Slovakia,Oncorhynchus,mykiss,Oncorhynchus mykiss,Slovakia
Oncorhynchus mykiss Slovakia,Oncorhynchus,mykiss,Oncorhynchus mykiss,Slovakia
Oncorhynchus mykiss Sweden,Oncorhynchus,mykiss,Oncorhynchus mykiss,Sweden
Oncorhynchus mykiss Switzerland,Oncorhynchus,mykiss,Oncorhynchus mykiss,Switzerland
Oncorhynchus mykiss United Kingdom,Oncorhynchus,mykiss,Oncorhynchus mykiss,United Kingdom
Oncorhynchus nerka Sweden,Oncorhynchus,nerka,Oncorhynchus nerka,Sweden
Oreochromis niloticus Italy,Oreochromis,niloticus,Oreochromis niloticus,Italy
Pachychilon pictum France,Pachychilon,pictum,Pachychilon pictum,France
Pachychilon pictum Italy,Pachychilon,pictum,Pachychilon pictum,Italy
Perca fluviatilis Ireland,Perca,fluviatilis,Perca fluviatilis,Ireland
Perca fluviatilis Italy,Perca,fluviatilis,Perca fluviatilis,Italy
Perca fluviatilis Portugal,Perca,fluviatilis,Perca fluviatilis,Portugal
Perccottus glenii Belarus,Perccottus,glenii,Perccottus glenii,Belarus
Perccottus glenii Bulgaria,Perccottus,glenii,Perccottus glenii,Bulgaria
Perccottus glenii Hungary,Perccottus,glenii,Perccottus glenii,Hungary
Perccottus glenii Poland,Perccottus,glenii,Perccottus glenii,Poland
Perccottus glenii Romania,Perccottus,glenii,Perccottus glenii,Romania
Perccottus glenii Slovakia,Perccottus,glenii,Perccottus glenii,Slovakia
Perccottus glenii Slovakia,Perccottus,glenii,Perccottus glenii,Slovakia
Phoxinus phoxinus Ireland,Phoxinus,phoxinus,Phoxinus phoxinus,Ireland
Pimephales promelas Belgium,Pimephales,promelas,Pimephales promelas,Belgium
Pimephales promelas France,Pimephales,promelas,Pimephales promelas,France
Pimephales promelas Germany,Pimephales,promelas,Pimephales promelas,Germany
Pimephales promelas United Kingdom,Pimephales,promelas,Pimephales promelas,United Kingdom
Planiliza haematocheilus Bulgaria,Planiliza,haematocheilus,Planiliza haematocheilus,Bulgaria
Planiliza haematocheilus Greece,Planiliza,haematocheilus,Planiliza haematocheilus,Greece
Planiliza haematocheilus Romania,Planiliza,haematocheilus,Planiliza haematocheilus,Romania
Poecilia reticulata Hungary,Poecilia,reticulata,Poecilia reticulata,Hungary
Poecilia reticulata Italy,Poecilia,reticulata,Poecilia reticulata,Italy
Poecilia reticulata Netherlands,Poecilia,reticulata,Poecilia reticulata,Netherlands
Poecilia reticulata Spain,Poecilia,reticulata,Poecilia reticulata,Spain
Poecilia sphenops Hungary,Poecilia,sphenops,Poecilia sphenops,Hungary
Polyodon spathula Poland,Polyodon,spathula,Polyodon spathula,Poland
Ponticola kessleri Austria,Ponticola,kessleri,Ponticola kessleri,Austria
Ponticola kessleri Germany,Ponticola,kessleri,Ponticola kessleri,Germany
Proterorhinus marmoratus Germany,Proterorhinus,marmoratus,Proterorhinus marmoratus,Germany
Proterorhinus marmoratus Netherlands,Proterorhinus,marmoratus,Proterorhinus marmoratus,Netherlands
Proterorhinus marmoratus Poland,Proterorhinus,marmoratus,Proterorhinus marmoratus,Poland
Pseudorasbora parva Albania,Pseudorasbora,parva,Pseudorasbora parva,Albania
Pseudorasbora parva Austria,Pseudorasbora,parva,Pseudorasbora parva,Austria
Pseudorasbora parva Belgium,Pseudorasbora,parva,Pseudorasbora parva,Belgium
Pseudorasbora parva Bulgaria,Pseudorasbora,parva,Pseudorasbora parva,Bulgaria
Pseudorasbora parva Czech Republic,Pseudorasbora,parva,Pseudorasbora parva,Czechia
Pseudorasbora parva France,Pseudorasbora,parva,Pseudorasbora parva,France
Pseudorasbora parva Germany,Pseudorasbora,parva,Pseudorasbora parva,Germany
Pseudorasbora parva Greece,Pseudorasbora,parva,Pseudorasbora parva,Greece
Pseudorasbora parva Hungary,Pseudorasbora,parva,Pseudorasbora parva,Hungary
Pseudorasbora parva Hungary,Pseudorasbora,parva,Pseudorasbora parva,Hungary
Pseudorasbora parva Italy,Pseudorasbora,parva,Pseudorasbora parva,Italy
Pseudorasbora parva Poland,Pseudorasbora,parva,Pseudorasbora parva,Poland
Pseudorasbora parva Romania,Pseudorasbora,parva,Pseudorasbora parva,Romania
Pseudorasbora parva Slovakia,Pseudorasbora,parva,Pseudorasbora parva,Slovakia
Pseudorasbora parva United Kingdom,Pseudorasbora,parva,Pseudorasbora parva,United Kingdom
Pungitius pungitius Ukraine,Pungitius,pungitius,Pungitius pungitius,Ukraine
Rhodeus amarus Italy,Rhodeus,amarus,Rhodeus amarus,Italy
Rhodeus amarus United Kingdom,Rhodeus,amarus,Rhodeus amarus,United Kingdom
Rhodeus sericeus Italy,Rhodeus,sericeus,Rhodeus sericeus,Italy
Rhodeus sericeus United Kingdom,Rhodeus,sericeus,Rhodeus sericeus,United Kingdom
Rutilus rutilus Ireland,Rutilus,rutilus,Rutilus rutilus,Ireland
Rutilus rutilus Italy,Rutilus,rutilus,Rutilus rutilus,Italy
Rutilus rutilus Portugal,Rutilus,rutilus,Rutilus rutilus,Portugal
Rutilus rutilus United Kingdom,Rutilus,rutilus,Rutilus rutilus,United Kingdom
Salmo letnica Greece,Salmo,letnica,Salmo letnica,Greece
Salmo salar Finland,Salmo,salar,Salmo salar,Finland
Salmo salar United Kingdom,Salmo,salar,Salmo salar,United Kingdom
Salmo trutta Croatia,Salmo,trutta,Salmo trutta,Croatia
Salvelinus alpinus France,Salvelinus,alpinus,Salvelinus alpinus,France
Salvelinus alpinus France,Salvelinus,alpinus,Salvelinus alpinus,France
Salvelinus alpinus Italy,Salvelinus,alpinus,Salvelinus alpinus,Italy
Salvelinus fontinalis Austria,Salvelinus,fontinalis,Salvelinus fontinalis,Austria
Salvelinus fontinalis Bulgaria,Salvelinus,fontinalis,Salvelinus fontinalis,Bulgaria
Salvelinus fontinalis Czech Republic,Salvelinus,fontinalis,Salvelinus fontinalis,Czechia
Salvelinus fontinalis Denmark,Salvelinus,fontinalis,Salvelinus fontinalis,Denmark
Salvelinus fontinalis France,Salvelinus,fontinalis,Salvelinus fontinalis,France
Salvelinus fontinalis Germany,Salvelinus,fontinalis,Salvelinus fontinalis,Germany
Salvelinus fontinalis Italy,Salvelinus,fontinalis,Salvelinus fontinalis,Italy
Salvelinus fontinalis Norway,Salvelinus,fontinalis,Salvelinus fontinalis,Norway
Salvelinus fontinalis Poland,Salvelinus,fontinalis,Salvelinus fontinalis,Poland
Salvelinus fontinalis Romania,Salvelinus,fontinalis,Salvelinus fontinalis,Romania
Salvelinus fontinalis Slovakia,Salvelinus,fontinalis,Salvelinus fontinalis,Slovakia
Salvelinus fontinalis Sweden,Salvelinus,fontinalis,Salvelinus fontinalis,Sweden
Salvelinus fontinalis Sweden,Salvelinus,fontinalis,Salvelinus fontinalis,Sweden
Salvelinus fontinalis Switzerland,Salvelinus,fontinalis,Salvelinus fontinalis,Switzerland
Salvelinus fontinalis United Kingdom,Salvelinus,fontinalis,Salvelinus fontinalis,United Kingdom
Salvelinus namaycush Germany,Salvelinus,namaycush,Salvelinus namaycush,Germany
Salvelinus namaycush Germany,Salvelinus,namaycush,Salvelinus namaycush,Germany
Salvelinus namaycush Italy,Salvelinus,namaycush,Salvelinus namaycush,Italy
Salvelinus namaycush Norway,Salvelinus,namaycush,Salvelinus namaycush,Norway
Salvelinus namaycush Sweden,Salvelinus,namaycush,Salvelinus namaycush,Sweden
Salvelinus namaycush Switzerland,Salvelinus,namaycush,Salvelinus namaycush,Switzerland
Sander lucioperca Belgium,Sander,lucioperca,Sander lucioperca,Belgium
Sander lucioperca Czech Republic,Sander,lucioperca,Sander lucioperca,Czechia
Sander lucioperca Denmark,Sander,lucioperca,Sander lucioperca,Denmark
Sander lucioperca Denmark,Sander,lucioperca,Sander lucioperca,Denmark
Sander lucioperca France,Sander,lucioperca,Sander lucioperca,France
Sander lucioperca Germany,Sander,lucioperca,Sander lucioperca,Germany
Sander lucioperca Italy,Sander,lucioperca,Sander lucioperca,Italy
Sander lucioperca Italy,Sander,lucioperca,Sander lucioperca,Italy
Sander lucioperca Netherlands,Sander,lucioperca,Sander lucioperca,Netherlands
Sander lucioperca Portugal,Sander,lucioperca,Sander lucioperca,Portugal
Sander lucioperca Switzerland,Sander,lucioperca,Sander lucioperca,Switzerland
Sander lucioperca United Kingdom,Sander,lucioperca,Sander lucioperca,United Kingdom
Sander lucioperca United Kingdom,Sander,lucioperca,Sander lucioperca,United Kingdom
Scardinius erythrophthalmus Ireland,Scardinius,erythrophthalmus,Scardinius erythrophthalmus,Ireland
Scardinius erythrophthalmus Italy,Scardinius,erythrophthalmus,Scardinius erythrophthalmus,Italy
Silurus glanis Italy,Silurus,glanis,Silurus glanis,Italy
Silurus glanis Netherlands,Silurus,glanis,Silurus glanis,Netherlands
Silurus glanis Portugal,Silurus,glanis,Silurus glanis,Portugal
Silurus glanis Spain,Silurus,glanis,Silurus glanis,Spain
Silurus glanis United Kingdom,Silurus,glanis,Silurus glanis,United Kingdom
Squalius cephalus Italy,Squalius,cephalus,Squalius cephalus,Italy
Telestes souffia Italy,Telestes,souffia,Telestes souffia,Italy
Thymallus thymallus Italy,Thymallus,thymallus,Thymallus thymallus,Italy
Tinca tinca Finland,Tinca,tinca,Tinca tinca,Finland
Tinca tinca Ireland,Tinca,tinca,Tinca tinca,Ireland
Tinca tinca Italy,Tinca,tinca,Tinca tinca,Italy
Tinca tinca Netherlands,Tinca,tinca,Tinca tinca,Netherlands
Tinca tinca Norway,Tinca,tinca,Tinca tinca,Norway
Umbra pygmaea Belgium,Umbra,pygmaea,Umbra pygmaea,Belgium
Umbra pygmaea Denmark,Umbra,pygmaea,Umbra pygmaea,Denmark
Umbra pygmaea France,Umbra,pygmaea,Umbra pygmaea,France
Umbra pygmaea Germany,Umbra,pygmaea,Umbra pygmaea,Germany
Umbra pygmaea Netherlands,Umbra,pygmaea,Umbra pygmaea,Netherlands
Umbra pygmaea Poland,Umbra,pygmaea,Umbra pygmaea,Poland
