Num;Keys_CS;Genre;Species;Full;Country_list_JN;Country_basemap
1;Aedes aegypti Netherlands;Aedes;aegypti;Aedes aegypti;Netherlands;Netherlands
2;Aedes albopictus Albania;Aedes;albopictus;Aedes albopictus;Albania;Albania
3;Aedes albopictus Belgium;Aedes;albopictus;Aedes albopictus;Belgium;Belgium
4;Aedes albopictus Bosnia and Herzegovina;Aedes;albopictus;Aedes albopictus;Bosnia and Herzegovina;Bosnia and Herzegovina
5;Aedes albopictus Bulgaria;Aedes;albopictus;Aedes albopictus;Bulgaria;Bulgaria
6;Aedes albopictus Croatia;Aedes;albopictus;Aedes albopictus;Croatia;Croatia
7;Aedes albopictus France;Aedes;albopictus;Aedes albopictus;France;France
8;Aedes albopictus Germany;Aedes;albopictus;Aedes albopictus;Germany;Germany
9;Aedes albopictus Greece;Aedes;albopictus;Aedes albopictus;Greece;Greece
10;Aedes albopictus Italy;Aedes;albopictus;Aedes albopictus;Italy;Italy
11;Aedes albopictus Liechtenstein;Aedes;albopictus;Aedes albopictus;Liechtenstein;Liechtenstein
12;Aedes albopictus Malta;Aedes;albopictus;Aedes albopictus;Malta;Malta
13;Aedes albopictus Monaco;Aedes;albopictus;Aedes albopictus;Monaco;Monaco
14;Aedes albopictus Montenegro;Aedes;albopictus;Aedes albopictus;Montenegro;Montenegro
15;Aedes albopictus Netherlands;Aedes;albopictus;Aedes albopictus;Netherlands;Netherlands
16;Aedes albopictus Portugal;Aedes;albopictus;Aedes albopictus;Portugal;Portugal
17;Aedes albopictus Romania;Aedes;albopictus;Aedes albopictus;Romania;Romania
18;Aedes albopictus San Marino;Aedes;albopictus;Aedes albopictus;San Marino;San Marino
19;Aedes albopictus Republic of Serbia;Aedes;albopictus;Aedes albopictus;Republic of Serbia;Republic of Serbia
20;Aedes albopictus Slovakia;Aedes;albopictus;Aedes albopictus;Slovakia;Slovakia
21;Aedes albopictus Slovenia;Aedes;albopictus;Aedes albopictus;Slovenia;Slovenia
22;Aedes albopictus Spain;Aedes;albopictus;Aedes albopictus;Spain;Spain
23;Aedes albopictus Switzerland;Aedes;albopictus;Aedes albopictus;Switzerland;Switzerland
24;Aedes albopictus United Kingdom;Aedes;albopictus;Aedes albopictus;United Kingdom;United Kingdom
25;Aedes atropalpus France;Aedes;atropalpus;Aedes atropalpus;France;France
26;Aedes atropalpus Netherlands;Aedes;atropalpus;Aedes atropalpus;Netherlands;Netherlands
27;Aedes atropalpus Sweden;Aedes;atropalpus;Aedes atropalpus;Sweden;Sweden
28;Aedes flavopictus Netherlands;Aedes;flavopictus;Aedes flavopictus;Netherlands;Netherlands
29;Aedes japonicus Belgium;Aedes;japonicus;Aedes japonicus;Belgium;Belgium
30;Aedes japonicus France;Aedes;japonicus;Aedes japonicus;France;France
31;Aedes japonicus Germany;Aedes;japonicus;Aedes japonicus;Germany;Germany
32;Aedes japonicus Italy;Aedes;japonicus;Aedes japonicus;Italy;Italy
33;Aedes japonicus Liechtenstein;Aedes;japonicus;Aedes japonicus;Liechtenstein;Liechtenstein
34;Aedes japonicus Luxembourg;Aedes;japonicus;Aedes japonicus;Luxembourg;Luxembourg
35;Aedes japonicus Netherlands;Aedes;japonicus;Aedes japonicus;Netherlands;Netherlands
36;Aedes japonicus Slovenia;Aedes;japonicus;Aedes japonicus;Slovenia;Slovenia
37;Aedes japonicus Sweden;Aedes;japonicus;Aedes japonicus;Sweden;Sweden
38;Aedes koreicus Belgium;Aedes;koreicus;Aedes koreicus;Belgium;Belgium
39;Aedes koreicus Italy;Aedes;koreicus;Aedes koreicus;Italy;Italy
40;Aedes koreicus Sweden;Aedes;koreicus;Aedes koreicus;Sweden;Sweden
41;Aedes triseriatus France;Aedes;triseriatus;Aedes triseriatus;France;France
42;Ametropus fragilis Italy;Ametropus;fragilis;Ametropus fragilis;Italy;Italy
43;Ampullaceana balthica Ukraine;Ampullaceana;balthica;Ampullaceana balthica;Ukraine;Ukraine
44;Anopheles pharoensis Belgium;Anopheles;pharoensis;Anopheles pharoensis;Belgium;Belgium
45;Astacus astacus United Kingdom;Astacus;astacus;Astacus astacus;United Kingdom;United Kingdom
46;Atyaephyra desmarestii Austria;Atyaephyra;desmarestii;Atyaephyra desmarestii;Austria;Austria
47;Atyaephyra desmarestii Belgium;Atyaephyra;desmarestii;Atyaephyra desmarestii;Belgium;Belgium
48;Atyaephyra desmarestii France;Atyaephyra;desmarestii;Atyaephyra desmarestii;France;France
49;Atyaephyra desmarestii Germany;Atyaephyra;desmarestii;Atyaephyra desmarestii;Germany;Germany
50;Atyaephyra desmarestii Netherlands;Atyaephyra;desmarestii;Atyaephyra desmarestii;Netherlands;Netherlands
51;Atyaephyra desmarestii Poland;Atyaephyra;desmarestii;Atyaephyra desmarestii;Poland;Poland
52;Atyaephyra desmarestii Switzerland;Atyaephyra;desmarestii;Atyaephyra desmarestii;Switzerland;Switzerland
53;Austropotamobius italicus Italy;Austropotamobius;italicus;Austropotamobius italicus;Italy;Italy
54;Barbronia weberi Austria;Barbronia;weberi;Barbronia weberi;Austria;Austria
55;Barbronia weberi France;Barbronia;weberi;Barbronia weberi;France;France
56;Barbronia weberi Germany;Barbronia;weberi;Barbronia weberi;Germany;Germany
57;Barbronia weberi Italy;Barbronia;weberi;Barbronia weberi;Italy;Italy
58;Bithynia tentaculata Norway;Bithynia;tentaculata;Bithynia tentaculata;Norway;Norway
59;Borysthenia naticina Germany;Borysthenia;naticina;Borysthenia naticina;Germany;Germany
60;Branchiura sowerbyi Austria;Branchiura;sowerbyi;Branchiura sowerbyi;Austria;Austria
61;Branchiura sowerbyi Belgium;Branchiura;sowerbyi;Branchiura sowerbyi;Belgium;Belgium
62;Branchiura sowerbyi Bulgaria;Branchiura;sowerbyi;Branchiura sowerbyi;Bulgaria;Bulgaria
63;Branchiura sowerbyi Czechia;Branchiura;sowerbyi;Branchiura sowerbyi;Czechia;Czechia
64;Branchiura sowerbyi France;Branchiura;sowerbyi;Branchiura sowerbyi;France;France
65;Branchiura sowerbyi Germany;Branchiura;sowerbyi;Branchiura sowerbyi;Germany;Germany
66;Branchiura sowerbyi Ireland;Branchiura;sowerbyi;Branchiura sowerbyi;Ireland;Ireland
67;Branchiura sowerbyi Italy;Branchiura;sowerbyi;Branchiura sowerbyi;Italy;Italy
68;Branchiura sowerbyi Luxembourg;Branchiura;sowerbyi;Branchiura sowerbyi;Luxembourg;Luxembourg
69;Branchiura sowerbyi Moldova;Branchiura;sowerbyi;Branchiura sowerbyi;Moldova;Moldova
70;Branchiura sowerbyi Netherlands;Branchiura;sowerbyi;Branchiura sowerbyi;Netherlands;Netherlands
71;Branchiura sowerbyi Poland;Branchiura;sowerbyi;Branchiura sowerbyi;Poland;Poland
72;Branchiura sowerbyi Portugal;Branchiura;sowerbyi;Branchiura sowerbyi;Portugal;Portugal
73;Branchiura sowerbyi Republic of Serbia;Branchiura;sowerbyi;Branchiura sowerbyi;Republic of Serbia;Republic of Serbia
74;Branchiura sowerbyi Sweden;Branchiura;sowerbyi;Branchiura sowerbyi;Sweden;Sweden
75;Branchiura sowerbyi Switzerland;Branchiura;sowerbyi;Branchiura sowerbyi;Switzerland;Switzerland
76;Branchiura sowerbyi United Kingdom;Branchiura;sowerbyi;Branchiura sowerbyi;United Kingdom;United Kingdom
77;Callinectes danae Italy;Callinectes;danae;Callinectes danae;Italy;Italy
78;Callinectes sapidus Albania;Callinectes;sapidus;Callinectes sapidus;Albania;Albania
79;Callinectes sapidus Belgium;Callinectes;sapidus;Callinectes sapidus;Belgium;Belgium
80;Callinectes sapidus Bulgaria;Callinectes;sapidus;Callinectes sapidus;Bulgaria;Bulgaria
81;Callinectes sapidus Croatia;Callinectes;sapidus;Callinectes sapidus;Croatia;Croatia
82;Callinectes sapidus Denmark;Callinectes;sapidus;Callinectes sapidus;Denmark;Denmark
83;Callinectes sapidus France;Callinectes;sapidus;Callinectes sapidus;France;France
84;Callinectes sapidus Germany;Callinectes;sapidus;Callinectes sapidus;Germany;Germany
85;Callinectes sapidus Greece;Callinectes;sapidus;Callinectes sapidus;Greece;Greece
86;Callinectes sapidus Italy;Callinectes;sapidus;Callinectes sapidus;Italy;Italy
87;Callinectes sapidus Montenegro;Callinectes;sapidus;Callinectes sapidus;Montenegro;Montenegro
88;Callinectes sapidus Netherlands;Callinectes;sapidus;Callinectes sapidus;Netherlands;Netherlands
89;Callinectes sapidus Portugal;Callinectes;sapidus;Callinectes sapidus;Portugal;Portugal
90;Callinectes sapidus Romania;Callinectes;sapidus;Callinectes sapidus;Romania;Romania
91;Callinectes sapidus Ukraine;Callinectes;sapidus;Callinectes sapidus;Ukraine;Ukraine
92;Caspiobdella fadejewi Austria;Caspiobdella;fadejewi;Caspiobdella fadejewi;Austria;Austria
93;Caspiobdella fadejewi France;Caspiobdella;fadejewi;Caspiobdella fadejewi;France;France
94;Caspiobdella fadejewi Germany;Caspiobdella;fadejewi;Caspiobdella fadejewi;Germany;Germany
95;Caspiobdella fadejewi Netherlands;Caspiobdella;fadejewi;Caspiobdella fadejewi;Netherlands;Netherlands
96;Caspiobdella fadejewi Poland;Caspiobdella;fadejewi;Caspiobdella fadejewi;Poland;Poland
97;Caspiobdella fadejewi Switzerland;Caspiobdella;fadejewi;Caspiobdella fadejewi;Switzerland;Switzerland
98;Chaetogammarus placidus Hungary;Chaetogammarus;placidus;Chaetogammarus placidus;Hungary;Hungary
99;Chelicorophium chelicorne Hungary;Chelicorophium;chelicorne;Chelicorophium chelicorne;Hungary;Hungary
100;Chelicorophium chelicorne Ukraine;Chelicorophium;chelicorne;Chelicorophium chelicorne;Ukraine;Ukraine
101;Chelicorophium chelicorne United Kingdom;Chelicorophium;chelicorne;Chelicorophium chelicorne;United Kingdom;United Kingdom
102;Chelicorophium curvispinum Austria;Chelicorophium;curvispinum;Chelicorophium curvispinum;Austria;Austria
103;Chelicorophium curvispinum Belgium;Chelicorophium;curvispinum;Chelicorophium curvispinum;Belgium;Belgium
104;Chelicorophium curvispinum Croatia;Chelicorophium;curvispinum;Chelicorophium curvispinum;Croatia;Croatia
105;Chelicorophium curvispinum Czechia;Chelicorophium;curvispinum;Chelicorophium curvispinum;Czechia;Czechia
106;Chelicorophium curvispinum Estonia;Chelicorophium;curvispinum;Chelicorophium curvispinum;Estonia;Estonia
107;Chelicorophium curvispinum France;Chelicorophium;curvispinum;Chelicorophium curvispinum;France;France
108;Chelicorophium curvispinum Germany;Chelicorophium;curvispinum;Chelicorophium curvispinum;Germany;Germany
109;Chelicorophium curvispinum Hungary;Chelicorophium;curvispinum;Chelicorophium curvispinum;Hungary;Hungary
110;Chelicorophium curvispinum Ireland;Chelicorophium;curvispinum;Chelicorophium curvispinum;Ireland;Ireland
111;Chelicorophium curvispinum Latvia;Chelicorophium;curvispinum;Chelicorophium curvispinum;Latvia;Latvia
112;Chelicorophium curvispinum Lithuania;Chelicorophium;curvispinum;Chelicorophium curvispinum;Lithuania;Lithuania
113;Chelicorophium curvispinum Luxembourg;Chelicorophium;curvispinum;Chelicorophium curvispinum;Luxembourg;Luxembourg
114;Chelicorophium curvispinum Netherlands;Chelicorophium;curvispinum;Chelicorophium curvispinum;Netherlands;Netherlands
115;Chelicorophium curvispinum Poland;Chelicorophium;curvispinum;Chelicorophium curvispinum;Poland;Poland
116;Chelicorophium curvispinum Republic of Serbia;Chelicorophium;curvispinum;Chelicorophium curvispinum;Republic of Serbia;Republic of Serbia
117;Chelicorophium curvispinum Slovakia;Chelicorophium;curvispinum;Chelicorophium curvispinum;Slovakia;Slovakia
118;Chelicorophium curvispinum Switzerland;Chelicorophium;curvispinum;Chelicorophium curvispinum;Switzerland;Switzerland
119;Chelicorophium curvispinum Ukraine;Chelicorophium;curvispinum;Chelicorophium curvispinum;Ukraine;Ukraine
120;Chelicorophium curvispinum United Kingdom;Chelicorophium;curvispinum;Chelicorophium curvispinum;United Kingdom;United Kingdom
121;Chelicorophium maeoticum Hungary;Chelicorophium;maeoticum;Chelicorophium maeoticum;Hungary;Hungary
122;Chelicorophium maeoticum Moldova;Chelicorophium;maeoticum;Chelicorophium maeoticum;Moldova;Moldova
123;Chelicorophium maeoticum Ukraine;Chelicorophium;maeoticum;Chelicorophium maeoticum;Ukraine;Ukraine
124;Chelicorophium mucronatum Hungary;Chelicorophium;mucronatum;Chelicorophium mucronatum;Hungary;Hungary
125;Chelicorophium mucronatum Ukraine;Chelicorophium;mucronatum;Chelicorophium mucronatum;Ukraine;Ukraine
126;Chelicorophium nobile Hungary;Chelicorophium;nobile;Chelicorophium nobile;Hungary;Hungary
127;Chelicorophium nobile Ukraine;Chelicorophium;nobile;Chelicorophium nobile;Ukraine;Ukraine
128;Chelicorophium robustum France;Chelicorophium;robustum;Chelicorophium robustum;France;France
129;Chelicorophium robustum Germany;Chelicorophium;robustum;Chelicorophium robustum;Germany;Germany
130;Chelicorophium robustum Hungary;Chelicorophium;robustum;Chelicorophium robustum;Hungary;Hungary
131;Chelicorophium robustum Netherlands;Chelicorophium;robustum;Chelicorophium robustum;Netherlands;Netherlands
132;Chelicorophium robustum Slovakia;Chelicorophium;robustum;Chelicorophium robustum;Slovakia;Slovakia
133;Chelicorophium robustum Ukraine;Chelicorophium;robustum;Chelicorophium robustum;Ukraine;Ukraine
134;Chelicorophium sowinskyi Hungary;Chelicorophium;sowinskyi;Chelicorophium sowinskyi;Hungary;Hungary
135;Chelicorophium sowinskyi Netherlands;Chelicorophium;sowinskyi;Chelicorophium sowinskyi;Netherlands;Netherlands
136;Cherax destructor France;Cherax;destructor;Cherax destructor;France;France
137;Cherax destructor Germany;Cherax;destructor;Cherax destructor;Germany;Germany
138;Cherax destructor Spain;Cherax;destructor;Cherax destructor;Spain;Spain
139;Cherax quadricarinatus Germany;Cherax;quadricarinatus;Cherax quadricarinatus;Germany;Germany
140;Cherax quadricarinatus Malta;Cherax;quadricarinatus;Cherax quadricarinatus;Malta;Malta
141;Cherax quadricarinatus Slovenia;Cherax;quadricarinatus;Cherax quadricarinatus;Slovenia;Slovenia
142;Cherax tenuimanus Germany;Cherax;tenuimanus;Cherax tenuimanus;Germany;Germany
143;Corbicula fluminalis Belgium;Corbicula;fluminalis;Corbicula fluminalis;Belgium;Belgium
144;Corbicula fluminalis France;Corbicula;fluminalis;Corbicula fluminalis;France;France
145;Corbicula fluminalis Germany;Corbicula;fluminalis;Corbicula fluminalis;Germany;Germany
146;Corbicula fluminalis Hungary;Corbicula;fluminalis;Corbicula fluminalis;Hungary;Hungary
147;Corbicula fluminalis Italy;Corbicula;fluminalis;Corbicula fluminalis;Italy;Italy
148;Corbicula fluminalis Moldova;Corbicula;fluminalis;Corbicula fluminalis;Moldova;Moldova
149;Corbicula fluminalis Netherlands;Corbicula;fluminalis;Corbicula fluminalis;Netherlands;Netherlands
150;Corbicula fluminalis Poland;Corbicula;fluminalis;Corbicula fluminalis;Poland;Poland
151;Corbicula fluminalis Republic of Serbia;Corbicula;fluminalis;Corbicula fluminalis;Republic of Serbia;Republic of Serbia
152;Corbicula fluminalis Spain;Corbicula;fluminalis;Corbicula fluminalis;Spain;Spain
153;Corbicula fluminalis Sweden;Corbicula;fluminalis;Corbicula fluminalis;Sweden;Sweden
154;Corbicula fluminalis Switzerland;Corbicula;fluminalis;Corbicula fluminalis;Switzerland;Switzerland
155;Corbicula fluminalis Ukraine;Corbicula;fluminalis;Corbicula fluminalis;Ukraine;Ukraine
156;Corbicula fluminea Austria;Corbicula;fluminea;Corbicula fluminea;Austria;Austria
157;Corbicula fluminea Belgium;Corbicula;fluminea;Corbicula fluminea;Belgium;Belgium
158;Corbicula fluminea Bulgaria;Corbicula;fluminea;Corbicula fluminea;Bulgaria;Bulgaria
159;Corbicula fluminea Croatia;Corbicula;fluminea;Corbicula fluminea;Croatia;Croatia
160;Corbicula fluminea Czechia;Corbicula;fluminea;Corbicula fluminea;Czechia;Czechia
161;Corbicula fluminea France;Corbicula;fluminea;Corbicula fluminea;France;France
162;Corbicula fluminea Germany;Corbicula;fluminea;Corbicula fluminea;Germany;Germany
163;Corbicula fluminea Hungary;Corbicula;fluminea;Corbicula fluminea;Hungary;Hungary
164;Corbicula fluminea Ireland;Corbicula;fluminea;Corbicula fluminea;Ireland;Ireland
165;Corbicula fluminea Italy;Corbicula;fluminea;Corbicula fluminea;Italy;Italy
166;Corbicula fluminea Luxembourg;Corbicula;fluminea;Corbicula fluminea;Luxembourg;Luxembourg
167;Corbicula fluminea Moldova;Corbicula;fluminea;Corbicula fluminea;Moldova;Moldova
168;Corbicula fluminea Netherlands;Corbicula;fluminea;Corbicula fluminea;Netherlands;Netherlands
169;Corbicula fluminea Poland;Corbicula;fluminea;Corbicula fluminea;Poland;Poland
170;Corbicula fluminea Portugal;Corbicula;fluminea;Corbicula fluminea;Portugal;Portugal
171;Corbicula fluminea Romania;Corbicula;fluminea;Corbicula fluminea;Romania;Romania
172;Corbicula fluminea Republic of Serbia;Corbicula;fluminea;Corbicula fluminea;Republic of Serbia;Republic of Serbia
173;Corbicula fluminea Sweden;Corbicula;fluminea;Corbicula fluminea;Sweden;Sweden
174;Corbicula fluminea Switzerland;Corbicula;fluminea;Corbicula fluminea;Switzerland;Switzerland
175;Corbicula fluminea Ukraine;Corbicula;fluminea;Corbicula fluminea;Ukraine;Ukraine
176;Corbicula fluminea United Kingdom;Corbicula;fluminea;Corbicula fluminea;United Kingdom;United Kingdom
177;Corbicula leana France;Corbicula;leana;Corbicula leana;France;France
178;Cordylophora caspia Austria;Cordylophora;caspia;Cordylophora caspia;Austria;Austria
179;Cordylophora caspia Belgium;Cordylophora;caspia;Cordylophora caspia;Belgium;Belgium
180;Cordylophora caspia Denmark;Cordylophora;caspia;Cordylophora caspia;Denmark;Denmark
181;Cordylophora caspia Estonia;Cordylophora;caspia;Cordylophora caspia;Estonia;Estonia
182;Cordylophora caspia Finland;Cordylophora;caspia;Cordylophora caspia;Finland;Finland
183;Cordylophora caspia France;Cordylophora;caspia;Cordylophora caspia;France;France
184;Cordylophora caspia Germany;Cordylophora;caspia;Cordylophora caspia;Germany;Germany
185;Cordylophora caspia Hungary;Cordylophora;caspia;Cordylophora caspia;Hungary;Hungary
186;Cordylophora caspia Italy;Cordylophora;caspia;Cordylophora caspia;Italy;Italy
187;Cordylophora caspia Latvia;Cordylophora;caspia;Cordylophora caspia;Latvia;Latvia
188;Cordylophora caspia Lithuania;Cordylophora;caspia;Cordylophora caspia;Lithuania;Lithuania
189;Cordylophora caspia Luxembourg;Cordylophora;caspia;Cordylophora caspia;Luxembourg;Luxembourg
190;Cordylophora caspia Netherlands;Cordylophora;caspia;Cordylophora caspia;Netherlands;Netherlands
191;Cordylophora caspia Norway;Cordylophora;caspia;Cordylophora caspia;Norway;Norway
192;Cordylophora caspia Poland;Cordylophora;caspia;Cordylophora caspia;Poland;Poland
193;Cordylophora caspia Portugal;Cordylophora;caspia;Cordylophora caspia;Portugal;Portugal
194;Cordylophora caspia Spain;Cordylophora;caspia;Cordylophora caspia;Spain;Spain
195;Cordylophora caspia Sweden;Cordylophora;caspia;Cordylophora caspia;Sweden;Sweden
196;Cordylophora caspia Ukraine;Cordylophora;caspia;Cordylophora caspia;Ukraine;Ukraine
197;Cordylophora caspia United Kingdom;Cordylophora;caspia;Cordylophora caspia;United Kingdom;United Kingdom
198;Cordylophora inkermanica Ukraine;Cordylophora;inkermanica;Cordylophora inkermanica;Ukraine;Ukraine
199;Crangonyx pseudogracilis Belgium;Crangonyx;pseudogracilis;Crangonyx pseudogracilis;Belgium;Belgium
200;Crangonyx pseudogracilis France;Crangonyx;pseudogracilis;Crangonyx pseudogracilis;France;France
201;Crangonyx pseudogracilis Germany;Crangonyx;pseudogracilis;Crangonyx pseudogracilis;Germany;Germany
202;Crangonyx pseudogracilis Ireland;Crangonyx;pseudogracilis;Crangonyx pseudogracilis;Ireland;Ireland
203;Crangonyx pseudogracilis Netherlands;Crangonyx;pseudogracilis;Crangonyx pseudogracilis;Netherlands;Netherlands
204;Crangonyx pseudogracilis Norway;Crangonyx;pseudogracilis;Crangonyx pseudogracilis;Norway;Norway
205;Crangonyx pseudogracilis Portugal;Crangonyx;pseudogracilis;Crangonyx pseudogracilis;Portugal;Portugal
206;Crangonyx pseudogracilis Sweden;Crangonyx;pseudogracilis;Crangonyx pseudogracilis;Sweden;Sweden
207;Crangonyx pseudogracilis United Kingdom;Crangonyx;pseudogracilis;Crangonyx pseudogracilis;United Kingdom;United Kingdom
208;Craspedacusta sowerbii Austria;Craspedacusta;sowerbii;Craspedacusta sowerbii;Austria;Austria
209;Craspedacusta sowerbii Czechia;Craspedacusta;sowerbii;Craspedacusta sowerbii;Czechia;Czechia
210;Craspedacusta sowerbii England;Craspedacusta;sowerbii;Craspedacusta sowerbii;England;England
211;Craspedacusta sowerbii France;Craspedacusta;sowerbii;Craspedacusta sowerbii;France;France
212;Craspedacusta sowerbii Germany;Craspedacusta;sowerbii;Craspedacusta sowerbii;Germany;Germany
213;Craspedacusta sowerbii Ireland;Craspedacusta;sowerbii;Craspedacusta sowerbii;Ireland;Ireland
214;Craspedacusta sowerbii Italy;Craspedacusta;sowerbii;Craspedacusta sowerbii;Italy;Italy
215;Craspedacusta sowerbii Lithuania;Craspedacusta;sowerbii;Craspedacusta sowerbii;Lithuania;Lithuania
216;Craspedacusta sowerbii Luxembourg;Craspedacusta;sowerbii;Craspedacusta sowerbii;Luxembourg;Luxembourg
217;Craspedacusta sowerbii Netherlands;Craspedacusta;sowerbii;Craspedacusta sowerbii;Netherlands;Netherlands
218;Craspedacusta sowerbii Poland;Craspedacusta;sowerbii;Craspedacusta sowerbii;Poland;Poland
219;Craspedacusta sowerbii Portugal;Craspedacusta;sowerbii;Craspedacusta sowerbii;Portugal;Portugal
220;Craspedacusta sowerbii Republic of Serbia;Craspedacusta;sowerbii;Craspedacusta sowerbii;Republic of Serbia;Republic of Serbia
221;Craspedacusta sowerbii Sweden;Craspedacusta;sowerbii;Craspedacusta sowerbii;Sweden;Sweden
222;Craspedacusta sowerbii Ukraine;Craspedacusta;sowerbii;Craspedacusta sowerbii;Ukraine;Ukraine
223;Culex modestus Sweden;Culex;modestus;Culex modestus;Sweden;Sweden
224;Culex pipiens Norway;Culex;pipiens;Culex pipiens;Norway;Norway
225;Dendrocoelum romanodanubiale Austria;Dendrocoelum;romanodanubiale;Dendrocoelum romanodanubiale;Austria;Austria
226;Dendrocoelum romanodanubiale Belgium;Dendrocoelum;romanodanubiale;Dendrocoelum romanodanubiale;Belgium;Belgium
227;Dendrocoelum romanodanubiale France;Dendrocoelum;romanodanubiale;Dendrocoelum romanodanubiale;France;France
228;Dendrocoelum romanodanubiale Germany;Dendrocoelum;romanodanubiale;Dendrocoelum romanodanubiale;Germany;Germany
229;Dendrocoelum romanodanubiale Netherlands;Dendrocoelum;romanodanubiale;Dendrocoelum romanodanubiale;Netherlands;Netherlands
230;Dikerogammarus bispinosus Austria;Dikerogammarus;bispinosus;Dikerogammarus bispinosus;Austria;Austria
231;Dikerogammarus bispinosus Croatia;Dikerogammarus;bispinosus;Dikerogammarus bispinosus;Croatia;Croatia
232;Dikerogammarus bispinosus France;Dikerogammarus;bispinosus;Dikerogammarus bispinosus;France;France
233;Dikerogammarus bispinosus Hungary;Dikerogammarus;bispinosus;Dikerogammarus bispinosus;Hungary;Hungary
234;Dikerogammarus bispinosus Slovakia;Dikerogammarus;bispinosus;Dikerogammarus bispinosus;Slovakia;Slovakia
235;Dikerogammarus haemobaphes Austria;Dikerogammarus;haemobaphes;Dikerogammarus haemobaphes;Austria;Austria
236;Dikerogammarus haemobaphes Croatia;Dikerogammarus;haemobaphes;Dikerogammarus haemobaphes;Croatia;Croatia
237;Dikerogammarus haemobaphes France;Dikerogammarus;haemobaphes;Dikerogammarus haemobaphes;France;France
238;Dikerogammarus haemobaphes Germany;Dikerogammarus;haemobaphes;Dikerogammarus haemobaphes;Germany;Germany
239;Dikerogammarus haemobaphes Hungary;Dikerogammarus;haemobaphes;Dikerogammarus haemobaphes;Hungary;Hungary
240;Dikerogammarus haemobaphes Moldova;Dikerogammarus;haemobaphes;Dikerogammarus haemobaphes;Moldova;Moldova
241;Dikerogammarus haemobaphes Netherlands;Dikerogammarus;haemobaphes;Dikerogammarus haemobaphes;Netherlands;Netherlands
242;Dikerogammarus haemobaphes Poland;Dikerogammarus;haemobaphes;Dikerogammarus haemobaphes;Poland;Poland
243;Dikerogammarus haemobaphes Slovakia;Dikerogammarus;haemobaphes;Dikerogammarus haemobaphes;Slovakia;Slovakia
244;Dikerogammarus haemobaphes Sweden;Dikerogammarus;haemobaphes;Dikerogammarus haemobaphes;Sweden;Sweden
245;Dikerogammarus haemobaphes Switzerland;Dikerogammarus;haemobaphes;Dikerogammarus haemobaphes;Switzerland;Switzerland
246;Dikerogammarus haemobaphes Ukraine;Dikerogammarus;haemobaphes;Dikerogammarus haemobaphes;Ukraine;Ukraine
247;Dikerogammarus haemobaphes United Kingdom;Dikerogammarus;haemobaphes;Dikerogammarus haemobaphes;United Kingdom;United Kingdom
248;Dikerogammarus villosus Austria;Dikerogammarus;villosus;Dikerogammarus villosus;Austria;Austria
249;Dikerogammarus villosus Belgium;Dikerogammarus;villosus;Dikerogammarus villosus;Belgium;Belgium
250;Dikerogammarus villosus Croatia;Dikerogammarus;villosus;Dikerogammarus villosus;Croatia;Croatia
251;Dikerogammarus villosus Czechia;Dikerogammarus;villosus;Dikerogammarus villosus;Czechia;Czechia
252;Dikerogammarus villosus France;Dikerogammarus;villosus;Dikerogammarus villosus;France;France
253;Dikerogammarus villosus Germany;Dikerogammarus;villosus;Dikerogammarus villosus;Germany;Germany
254;Dikerogammarus villosus Hungary;Dikerogammarus;villosus;Dikerogammarus villosus;Hungary;Hungary
255;Dikerogammarus villosus Italy;Dikerogammarus;villosus;Dikerogammarus villosus;Italy;Italy
256;Dikerogammarus villosus Moldova;Dikerogammarus;villosus;Dikerogammarus villosus;Moldova;Moldova
257;Dikerogammarus villosus Netherlands;Dikerogammarus;villosus;Dikerogammarus villosus;Netherlands;Netherlands
258;Dikerogammarus villosus Poland;Dikerogammarus;villosus;Dikerogammarus villosus;Poland;Poland
259;Dikerogammarus villosus Republic of Serbia;Dikerogammarus;villosus;Dikerogammarus villosus;Republic of Serbia;Republic of Serbia
260;Dikerogammarus villosus Slovakia;Dikerogammarus;villosus;Dikerogammarus villosus;Slovakia;Slovakia
261;Dikerogammarus villosus Spain;Dikerogammarus;villosus;Dikerogammarus villosus;Spain;Spain
262;Dikerogammarus villosus Sweden;Dikerogammarus;villosus;Dikerogammarus villosus;Sweden;Sweden
263;Dikerogammarus villosus Switzerland;Dikerogammarus;villosus;Dikerogammarus villosus;Switzerland;Switzerland
264;Dikerogammarus villosus Ukraine;Dikerogammarus;villosus;Dikerogammarus villosus;Ukraine;Ukraine
265;Dikerogammarus villosus United Kingdom;Dikerogammarus;villosus;Dikerogammarus villosus;United Kingdom;United Kingdom
266;Dreissena bugensis Belgium;Dreissena;bugensis;Dreissena bugensis;Belgium;Belgium
267;Dreissena bugensis Bulgaria;Dreissena;bugensis;Dreissena bugensis;Bulgaria;Bulgaria
268;Dreissena bugensis Germany;Dreissena;bugensis;Dreissena bugensis;Germany;Germany
269;Dreissena bugensis Italy;Dreissena;bugensis;Dreissena bugensis;Italy;Italy
270;Dreissena bugensis Moldova;Dreissena;bugensis;Dreissena bugensis;Moldova;Moldova
271;Dreissena bugensis Netherlands;Dreissena;bugensis;Dreissena bugensis;Netherlands;Netherlands
272;Dreissena bugensis Romania;Dreissena;bugensis;Dreissena bugensis;Romania;Romania
273;Dreissena bugensis Spain;Dreissena;bugensis;Dreissena bugensis;Spain;Spain
274;Dreissena bugensis Sweden;Dreissena;bugensis;Dreissena bugensis;Sweden;Sweden
275;Dreissena bugensis Ukraine;Dreissena;bugensis;Dreissena bugensis;Ukraine;Ukraine
276;Dreissena bugensis United Kingdom;Dreissena;bugensis;Dreissena bugensis;United Kingdom;United Kingdom
277;Dreissena polymorpha Austria;Dreissena;polymorpha;Dreissena polymorpha;Austria;Austria
278;Dreissena polymorpha Belgium;Dreissena;polymorpha;Dreissena polymorpha;Belgium;Belgium
279;Dreissena polymorpha Bulgaria;Dreissena;polymorpha;Dreissena polymorpha;Bulgaria;Bulgaria
280;Dreissena polymorpha Croatia;Dreissena;polymorpha;Dreissena polymorpha;Croatia;Croatia
281;Dreissena polymorpha Czechia;Dreissena;polymorpha;Dreissena polymorpha;Czechia;Czechia
282;Dreissena polymorpha Denmark;Dreissena;polymorpha;Dreissena polymorpha;Denmark;Denmark
283;Dreissena polymorpha Estonia;Dreissena;polymorpha;Dreissena polymorpha;Estonia;Estonia
284;Dreissena polymorpha Finland;Dreissena;polymorpha;Dreissena polymorpha;Finland;Finland
285;Dreissena polymorpha France;Dreissena;polymorpha;Dreissena polymorpha;France;France
286;Dreissena polymorpha Germany;Dreissena;polymorpha;Dreissena polymorpha;Germany;Germany
287;Dreissena polymorpha Greece;Dreissena;polymorpha;Dreissena polymorpha;Greece;Greece
288;Dreissena polymorpha Hungary;Dreissena;polymorpha;Dreissena polymorpha;Hungary;Hungary
289;Dreissena polymorpha Ireland;Dreissena;polymorpha;Dreissena polymorpha;Ireland;Ireland
290;Dreissena polymorpha Italy;Dreissena;polymorpha;Dreissena polymorpha;Italy;Italy
291;Dreissena polymorpha Latvia;Dreissena;polymorpha;Dreissena polymorpha;Latvia;Latvia
292;Dreissena polymorpha Lithuania;Dreissena;polymorpha;Dreissena polymorpha;Lithuania;Lithuania
293;Dreissena polymorpha Luxembourg;Dreissena;polymorpha;Dreissena polymorpha;Luxembourg;Luxembourg
294;Dreissena polymorpha Netherlands;Dreissena;polymorpha;Dreissena polymorpha;Netherlands;Netherlands
295;Dreissena polymorpha Poland;Dreissena;polymorpha;Dreissena polymorpha;Poland;Poland
296;Dreissena polymorpha Republic of Serbia;Dreissena;polymorpha;Dreissena polymorpha;Republic of Serbia;Republic of Serbia
297;Dreissena polymorpha Spain;Dreissena;polymorpha;Dreissena polymorpha;Spain;Spain
298;Dreissena polymorpha Sweden;Dreissena;polymorpha;Dreissena polymorpha;Sweden;Sweden
299;Dreissena polymorpha Switzerland;Dreissena;polymorpha;Dreissena polymorpha;Switzerland;Switzerland
300;Dreissena polymorpha Ukraine;Dreissena;polymorpha;Dreissena polymorpha;Ukraine;Ukraine
301;Dreissena polymorpha United Kingdom;Dreissena;polymorpha;Dreissena polymorpha;United Kingdom;United Kingdom
302;Dreissena rostriformis bugensis France;Dreissena;rostriformis bugensis;Dreissena rostriformis bugensis;France;France
303;Dreissena rostriformis bugensis Germany;Dreissena;rostriformis bugensis;Dreissena rostriformis bugensis;Germany;Germany
304;Dreissena rostriformis bugensis Hungary;Dreissena;rostriformis bugensis;Dreissena rostriformis bugensis;Hungary;Hungary
305;Dreissena rostriformis bugensis Moldova;Dreissena;rostriformis bugensis;Dreissena rostriformis bugensis;Moldova;Moldova
306;Echinogammarus berilloni Belgium;Echinogammarus;berilloni;Echinogammarus berilloni;Belgium;Belgium
307;Echinogammarus berilloni France;Echinogammarus;berilloni;Echinogammarus berilloni;France;France
308;Echinogammarus berilloni Germany;Echinogammarus;berilloni;Echinogammarus berilloni;Germany;Germany
309;Echinogammarus berilloni Luxembourg;Echinogammarus;berilloni;Echinogammarus berilloni;Luxembourg;Luxembourg
310;Echinogammarus berilloni Switzerland;Echinogammarus;berilloni;Echinogammarus berilloni;Switzerland;Switzerland
311;Echinogammarus ischnus Austria;Echinogammarus;ischnus;Echinogammarus ischnus;Austria;Austria
312;Echinogammarus ischnus France;Echinogammarus;ischnus;Echinogammarus ischnus;France;France
313;Echinogammarus ischnus Germany;Echinogammarus;ischnus;Echinogammarus ischnus;Germany;Germany
314;Echinogammarus ischnus Hungary;Echinogammarus;ischnus;Echinogammarus ischnus;Hungary;Hungary
315;Echinogammarus ischnus Lithuania;Echinogammarus;ischnus;Echinogammarus ischnus;Lithuania;Lithuania
316;Echinogammarus ischnus Netherlands;Echinogammarus;ischnus;Echinogammarus ischnus;Netherlands;Netherlands
317;Echinogammarus ischnus Poland;Echinogammarus;ischnus;Echinogammarus ischnus;Poland;Poland
318;Echinogammarus ischnus Slovakia;Echinogammarus;ischnus;Echinogammarus ischnus;Slovakia;Slovakia
319;Echinogammarus ischnus Sweden;Echinogammarus;ischnus;Echinogammarus ischnus;Sweden;Sweden
320;Echinogammarus ischnus Switzerland;Echinogammarus;ischnus;Echinogammarus ischnus;Switzerland;Switzerland
321;Echinogammarus ischnus Ukraine;Echinogammarus;ischnus;Echinogammarus ischnus;Ukraine;Ukraine
322;Echinogammarus ischnus United Kingdom;Echinogammarus;ischnus;Echinogammarus ischnus;United Kingdom;United Kingdom
323;Echinogammarus trichiatus Austria;Echinogammarus;trichiatus;Echinogammarus trichiatus;Austria;Austria
324;Echinogammarus trichiatus Belgium;Echinogammarus;trichiatus;Echinogammarus trichiatus;Belgium;Belgium
325;Echinogammarus trichiatus France;Echinogammarus;trichiatus;Echinogammarus trichiatus;France;France
326;Echinogammarus trichiatus Germany;Echinogammarus;trichiatus;Echinogammarus trichiatus;Germany;Germany
327;Echinogammarus trichiatus Hungary;Echinogammarus;trichiatus;Echinogammarus trichiatus;Hungary;Hungary
328;Echinogammarus trichiatus Netherlands;Echinogammarus;trichiatus;Echinogammarus trichiatus;Netherlands;Netherlands
329;Echinogammarus trichiatus Poland;Echinogammarus;trichiatus;Echinogammarus trichiatus;Poland;Poland
330;Echinogammarus trichiatus Slovakia;Echinogammarus;trichiatus;Echinogammarus trichiatus;Slovakia;Slovakia
331;Echinogammarus trichiatus Switzerland;Echinogammarus;trichiatus;Echinogammarus trichiatus;Switzerland;Switzerland
332;Echinogammarus trichiatus Ukraine;Echinogammarus;trichiatus;Echinogammarus trichiatus;Ukraine;Ukraine
333;Emmericia patula France;Emmericia;patula;Emmericia patula;France;France
334;Emmericia patula Germany;Emmericia;patula;Emmericia patula;Germany;Germany
335;Eriocheir sinensis Belgium;Eriocheir;sinensis;Eriocheir sinensis;Belgium;Belgium
336;Eriocheir sinensis Czechia;Eriocheir;sinensis;Eriocheir sinensis;Czechia;Czechia
337;Eriocheir sinensis Denmark;Eriocheir;sinensis;Eriocheir sinensis;Denmark;Denmark
338;Eriocheir sinensis Estonia;Eriocheir;sinensis;Eriocheir sinensis;Estonia;Estonia
339;Eriocheir sinensis Finland;Eriocheir;sinensis;Eriocheir sinensis;Finland;Finland
340;Eriocheir sinensis France;Eriocheir;sinensis;Eriocheir sinensis;France;France
341;Eriocheir sinensis Germany;Eriocheir;sinensis;Eriocheir sinensis;Germany;Germany
342;Eriocheir sinensis Hungary;Eriocheir;sinensis;Eriocheir sinensis;Hungary;Hungary
343;Eriocheir sinensis Ireland;Eriocheir;sinensis;Eriocheir sinensis;Ireland;Ireland
344;Eriocheir sinensis Italy;Eriocheir;sinensis;Eriocheir sinensis;Italy;Italy
345;Eriocheir sinensis Latvia;Eriocheir;sinensis;Eriocheir sinensis;Latvia;Latvia
346;Eriocheir sinensis Lithuania;Eriocheir;sinensis;Eriocheir sinensis;Lithuania;Lithuania
347;Eriocheir sinensis Luxembourg;Eriocheir;sinensis;Eriocheir sinensis;Luxembourg;Luxembourg
348;Eriocheir sinensis Netherlands;Eriocheir;sinensis;Eriocheir sinensis;Netherlands;Netherlands
349;Eriocheir sinensis Poland;Eriocheir;sinensis;Eriocheir sinensis;Poland;Poland
350;Eriocheir sinensis Portugal;Eriocheir;sinensis;Eriocheir sinensis;Portugal;Portugal
351;Eriocheir sinensis Romania;Eriocheir;sinensis;Eriocheir sinensis;Romania;Romania
352;Eriocheir sinensis Republic of Serbia;Eriocheir;sinensis;Eriocheir sinensis;Republic of Serbia;Republic of Serbia
353;Eriocheir sinensis Slovakia;Eriocheir;sinensis;Eriocheir sinensis;Slovakia;Slovakia
354;Eriocheir sinensis Spain;Eriocheir;sinensis;Eriocheir sinensis;Spain;Spain
355;Eriocheir sinensis Sweden;Eriocheir;sinensis;Eriocheir sinensis;Sweden;Sweden
356;Eriocheir sinensis Ukraine;Eriocheir;sinensis;Eriocheir sinensis;Ukraine;Ukraine
357;Eriocheir sinensis United Kingdom;Eriocheir;sinensis;Eriocheir sinensis;United Kingdom;United Kingdom
358;Eukerria saltensis Italy;Eukerria;saltensis;Eukerria saltensis;Italy;Italy
359;Faxonius immunis France;Faxonius;immunis;Faxonius immunis;France;France
360;Faxonius immunis Germany;Faxonius;immunis;Faxonius immunis;Germany;Germany
361;Faxonius immunis Sweden;Faxonius;immunis;Faxonius immunis;Sweden;Sweden
362;Faxonius juvenilis France;Faxonius;juvenilis;Faxonius juvenilis;France;France
363;Faxonius limosus Austria;Faxonius;limosus;Faxonius limosus;Austria;Austria
364;Faxonius limosus Belgium;Faxonius;limosus;Faxonius limosus;Belgium;Belgium
365;Faxonius limosus Croatia;Faxonius;limosus;Faxonius limosus;Croatia;Croatia
366;Faxonius limosus Czechia;Faxonius;limosus;Faxonius limosus;Czechia;Czechia
367;Faxonius limosus Estonia;Faxonius;limosus;Faxonius limosus;Estonia;Estonia
368;Faxonius limosus France;Faxonius;limosus;Faxonius limosus;France;France
369;Faxonius limosus Germany;Faxonius;limosus;Faxonius limosus;Germany;Germany
370;Faxonius limosus Hungary;Faxonius;limosus;Faxonius limosus;Hungary;Hungary
371;Faxonius limosus Italy;Faxonius;limosus;Faxonius limosus;Italy;Italy
372;Faxonius limosus Latvia;Faxonius;limosus;Faxonius limosus;Latvia;Latvia
373;Faxonius limosus Lithuania;Faxonius;limosus;Faxonius limosus;Lithuania;Lithuania
374;Faxonius limosus Luxembourg;Faxonius;limosus;Faxonius limosus;Luxembourg;Luxembourg
375;Faxonius limosus Netherlands;Faxonius;limosus;Faxonius limosus;Netherlands;Netherlands
376;Faxonius limosus Poland;Faxonius;limosus;Faxonius limosus;Poland;Poland
377;Faxonius limosus Romania;Faxonius;limosus;Faxonius limosus;Romania;Romania
378;Faxonius limosus Republic of Serbia;Faxonius;limosus;Faxonius limosus;Republic of Serbia;Republic of Serbia
379;Faxonius limosus Slovakia;Faxonius;limosus;Faxonius limosus;Slovakia;Slovakia
380;Faxonius limosus Slovenia;Faxonius;limosus;Faxonius limosus;Slovenia;Slovenia
381;Faxonius limosus Spain;Faxonius;limosus;Faxonius limosus;Spain;Spain
382;Faxonius limosus Sweden;Faxonius;limosus;Faxonius limosus;Sweden;Sweden
383;Faxonius limosus Switzerland;Faxonius;limosus;Faxonius limosus;Switzerland;Switzerland
384;Faxonius limosus United Kingdom;Faxonius;limosus;Faxonius limosus;United Kingdom;United Kingdom
385;Faxonius rusticus Germany;Faxonius;rusticus;Faxonius rusticus;Germany;Germany
386;Faxonius rusticus Sweden;Faxonius;rusticus;Faxonius rusticus;Sweden;Sweden
387;Faxonius virilis Netherlands;Faxonius;virilis;Faxonius virilis;Netherlands;Netherlands
388;Faxonius virilis Sweden;Faxonius;virilis;Faxonius virilis;Sweden;Sweden
389;Faxonius virilis United Kingdom;Faxonius;virilis;Faxonius virilis;United Kingdom;United Kingdom
390;Ferrissia californica Austria;Ferrissia;californica;Ferrissia californica;Austria;Austria
391;Ferrissia californica Belgium;Ferrissia;californica;Ferrissia californica;Belgium;Belgium
392;Ferrissia californica Czechia;Ferrissia;californica;Ferrissia californica;Czechia;Czechia
393;Ferrissia californica France;Ferrissia;californica;Ferrissia californica;France;France
394;Ferrissia californica Germany;Ferrissia;californica;Ferrissia californica;Germany;Germany
395;Ferrissia californica Greece;Ferrissia;californica;Ferrissia californica;Greece;Greece
396;Ferrissia californica Hungary;Ferrissia;californica;Ferrissia californica;Hungary;Hungary
397;Ferrissia californica Italy;Ferrissia;californica;Ferrissia californica;Italy;Italy
398;Ferrissia californica Moldova;Ferrissia;californica;Ferrissia californica;Moldova;Moldova
399;Ferrissia californica Poland;Ferrissia;californica;Ferrissia californica;Poland;Poland
400;Ferrissia californica Portugal;Ferrissia;californica;Ferrissia californica;Portugal;Portugal
401;Ferrissia californica Romania;Ferrissia;californica;Ferrissia californica;Romania;Romania
402;Ferrissia californica Spain;Ferrissia;californica;Ferrissia californica;Spain;Spain
403;Ferrissia californica Sweden;Ferrissia;californica;Ferrissia californica;Sweden;Sweden
404;Ferrissia californica Ukraine;Ferrissia;californica;Ferrissia californica;Ukraine;Ukraine
405;Ferrissia californica United Kingdom;Ferrissia;californica;Ferrissia californica;United Kingdom;United Kingdom
406;Ferrissia clessiniana Czechia;Ferrissia;clessiniana;Ferrissia clessiniana;Czechia;Czechia
407;Ferrissia clessiniana Ireland;Ferrissia;clessiniana;Ferrissia clessiniana;Ireland;Ireland
408;Ferrissia clessiniana Latvia;Ferrissia;clessiniana;Ferrissia clessiniana;Latvia;Latvia
409;Ferrissia parallelus Germany;Ferrissia;parallelus;Ferrissia parallelus;Germany;Germany
410;Galba cubensis Austria;Galba;cubensis;Galba cubensis;Austria;Austria
411;Galba cubensis Germany;Galba;cubensis;Galba cubensis;Germany;Germany
412;Galba truncatula Portugal;Galba;truncatula;Galba truncatula;Portugal;Portugal
413;Gammarus fasciatus Sweden;Gammarus;fasciatus;Gammarus fasciatus;Sweden;Sweden
414;Gammarus lacustris Estonia;Gammarus;lacustris;Gammarus lacustris;Estonia;Estonia
415;Gammarus pulex United Kingdom;Gammarus;pulex;Gammarus pulex;United Kingdom;United Kingdom
416;Gammarus roeselii Belgium;Gammarus;roeselii;Gammarus roeselii;Belgium;Belgium
417;Gammarus roeselii France;Gammarus;roeselii;Gammarus roeselii;France;France
418;Gammarus roeselii Italy;Gammarus;roeselii;Gammarus roeselii;Italy;Italy
419;Gammarus roeselii Netherlands;Gammarus;roeselii;Gammarus roeselii;Netherlands;Netherlands
420;Gammarus roeselii Poland;Gammarus;roeselii;Gammarus roeselii;Poland;Poland
421;Gammarus tigrinus Belgium;Gammarus;tigrinus;Gammarus tigrinus;Belgium;Belgium
422;Gammarus tigrinus Estonia;Gammarus;tigrinus;Gammarus tigrinus;Estonia;Estonia
423;Gammarus tigrinus Finland;Gammarus;tigrinus;Gammarus tigrinus;Finland;Finland
424;Gammarus tigrinus France;Gammarus;tigrinus;Gammarus tigrinus;France;France
425;Gammarus tigrinus Germany;Gammarus;tigrinus;Gammarus tigrinus;Germany;Germany
426;Gammarus tigrinus Lithuania;Gammarus;tigrinus;Gammarus tigrinus;Lithuania;Lithuania
427;Gammarus tigrinus Luxembourg;Gammarus;tigrinus;Gammarus tigrinus;Luxembourg;Luxembourg
428;Gammarus tigrinus Netherlands;Gammarus;tigrinus;Gammarus tigrinus;Netherlands;Netherlands
429;Gammarus tigrinus Poland;Gammarus;tigrinus;Gammarus tigrinus;Poland;Poland
430;Gammarus tigrinus Sweden;Gammarus;tigrinus;Gammarus tigrinus;Sweden;Sweden
431;Gammarus tigrinus Switzerland;Gammarus;tigrinus;Gammarus tigrinus;Switzerland;Switzerland
432;Gammarus tigrinus United Kingdom;Gammarus;tigrinus;Gammarus tigrinus;United Kingdom;United Kingdom
433;Gammarus varsoviensis Germany;Gammarus;varsoviensis;Gammarus varsoviensis;Germany;Germany
434;Gammarus varsoviensis Poland;Gammarus;varsoviensis;Gammarus varsoviensis;Poland;Poland
435;Girardia tigrina Austria;Girardia;tigrina;Girardia tigrina;Austria;Austria
436;Girardia tigrina Belgium;Girardia;tigrina;Girardia tigrina;Belgium;Belgium
437;Girardia tigrina Czechia;Girardia;tigrina;Girardia tigrina;Czechia;Czechia
438;Girardia tigrina France;Girardia;tigrina;Girardia tigrina;France;France
439;Girardia tigrina Germany;Girardia;tigrina;Girardia tigrina;Germany;Germany
440;Girardia tigrina Ireland;Girardia;tigrina;Girardia tigrina;Ireland;Ireland
441;Girardia tigrina Italy;Girardia;tigrina;Girardia tigrina;Italy;Italy
442;Girardia tigrina Luxembourg;Girardia;tigrina;Girardia tigrina;Luxembourg;Luxembourg
443;Girardia tigrina Netherlands;Girardia;tigrina;Girardia tigrina;Netherlands;Netherlands
444;Girardia tigrina Poland;Girardia;tigrina;Girardia tigrina;Poland;Poland
445;Girardia tigrina Switzerland;Girardia;tigrina;Girardia tigrina;Switzerland;Switzerland
446;Gmelinoides fasciatus Estonia;Gmelinoides;fasciatus;Gmelinoides fasciatus;Estonia;Estonia
447;Gmelinoides fasciatus Finland;Gmelinoides;fasciatus;Gmelinoides fasciatus;Finland;Finland
448;Gmelinoides fasciatus Sweden;Gmelinoides;fasciatus;Gmelinoides fasciatus;Sweden;Sweden
449;Gyraulus chinensis Austria;Gyraulus;chinensis;Gyraulus chinensis;Austria;Austria
450;Gyraulus chinensis France;Gyraulus;chinensis;Gyraulus chinensis;France;France
451;Gyraulus chinensis Germany;Gyraulus;chinensis;Gyraulus chinensis;Germany;Germany
452;Gyraulus chinensis Italy;Gyraulus;chinensis;Gyraulus chinensis;Italy;Italy
453;Gyraulus chinensis Netherlands;Gyraulus;chinensis;Gyraulus chinensis;Netherlands;Netherlands
454;Gyraulus chinensis Portugal;Gyraulus;chinensis;Gyraulus chinensis;Portugal;Portugal
455;Gyraulus chinensis Spain;Gyraulus;chinensis;Gyraulus chinensis;Spain;Spain
456;Gyraulus chinensis Sweden;Gyraulus;chinensis;Gyraulus chinensis;Sweden;Sweden
457;Gyraulus parvus Czechia;Gyraulus;parvus;Gyraulus parvus;Czechia;Czechia
458;Gyraulus parvus France;Gyraulus;parvus;Gyraulus parvus;France;France
459;Gyraulus parvus Germany;Gyraulus;parvus;Gyraulus parvus;Germany;Germany
460;Gyraulus parvus Netherlands;Gyraulus;parvus;Gyraulus parvus;Netherlands;Netherlands
461;Gyraulus parvus Sweden;Gyraulus;parvus;Gyraulus parvus;Sweden;Sweden
462;Gyraulus parvus Switzerland;Gyraulus;parvus;Gyraulus parvus;Switzerland;Switzerland
463;Helobdella punctatolineata Germany;Helobdella;punctatolineata;Helobdella punctatolineata;Germany;Germany
464;Hemimysis anomala Austria;Hemimysis;anomala;Hemimysis anomala;Austria;Austria
465;Hemimysis anomala Belgium;Hemimysis;anomala;Hemimysis anomala;Belgium;Belgium
466;Hemimysis anomala Croatia;Hemimysis;anomala;Hemimysis anomala;Croatia;Croatia
467;Hemimysis anomala Estonia;Hemimysis;anomala;Hemimysis anomala;Estonia;Estonia
468;Hemimysis anomala Finland;Hemimysis;anomala;Hemimysis anomala;Finland;Finland
469;Hemimysis anomala France;Hemimysis;anomala;Hemimysis anomala;France;France
470;Hemimysis anomala Germany;Hemimysis;anomala;Hemimysis anomala;Germany;Germany
471;Hemimysis anomala Hungary;Hemimysis;anomala;Hemimysis anomala;Hungary;Hungary
472;Hemimysis anomala Ireland;Hemimysis;anomala;Hemimysis anomala;Ireland;Ireland
473;Hemimysis anomala Lithuania;Hemimysis;anomala;Hemimysis anomala;Lithuania;Lithuania
474;Hemimysis anomala Moldova;Hemimysis;anomala;Hemimysis anomala;Moldova;Moldova
475;Hemimysis anomala Netherlands;Hemimysis;anomala;Hemimysis anomala;Netherlands;Netherlands
476;Hemimysis anomala Poland;Hemimysis;anomala;Hemimysis anomala;Poland;Poland
477;Hemimysis anomala Republic of Serbia;Hemimysis;anomala;Hemimysis anomala;Republic of Serbia;Republic of Serbia
478;Hemimysis anomala Slovakia;Hemimysis;anomala;Hemimysis anomala;Slovakia;Slovakia
479;Hemimysis anomala Sweden;Hemimysis;anomala;Hemimysis anomala;Sweden;Sweden
480;Hemimysis anomala Switzerland;Hemimysis;anomala;Hemimysis anomala;Switzerland;Switzerland
481;Hemimysis anomala Ukraine;Hemimysis;anomala;Hemimysis anomala;Ukraine;Ukraine
482;Hemimysis anomala United Kingdom;Hemimysis;anomala;Hemimysis anomala;United Kingdom;United Kingdom
483;Hypania invalida Austria;Hypania;invalida;Hypania invalida;Austria;Austria
484;Hypania invalida Belgium;Hypania;invalida;Hypania invalida;Belgium;Belgium
485;Hypania invalida France;Hypania;invalida;Hypania invalida;France;France
486;Hypania invalida Germany;Hypania;invalida;Hypania invalida;Germany;Germany
487;Hypania invalida Netherlands;Hypania;invalida;Hypania invalida;Netherlands;Netherlands
488;Hypania invalida Poland;Hypania;invalida;Hypania invalida;Poland;Poland
489;Hypania invalida Republic of Serbia;Hypania;invalida;Hypania invalida;Republic of Serbia;Republic of Serbia
490;Hypania invalida Switzerland;Hypania;invalida;Hypania invalida;Switzerland;Switzerland
491;Hypania invalida Ukraine;Hypania;invalida;Hypania invalida;Ukraine;Ukraine
492;Hypania invalida United Kingdom;Hypania;invalida;Hypania invalida;United Kingdom;United Kingdom
493;Hypaniola kowalewskii Ukraine;Hypaniola;kowalewskii;Hypaniola kowalewskii;Ukraine;Ukraine
494;Ischnura senegalensis Belgium;Ischnura;senegalensis;Ischnura senegalensis;Belgium;Belgium
495;Jaera istri Austria;Jaera;istri;Jaera istri;Austria;Austria
496;Jaera istri Belgium;Jaera;istri;Jaera istri;Belgium;Belgium
497;Jaera istri Croatia;Jaera;istri;Jaera istri;Croatia;Croatia
498;Jaera istri France;Jaera;istri;Jaera istri;France;France
499;Jaera istri Germany;Jaera;istri;Jaera istri;Germany;Germany
500;Jaera istri Netherlands;Jaera;istri;Jaera istri;Netherlands;Netherlands
501;Jaera istri Poland;Jaera;istri;Jaera istri;Poland;Poland
502;Jaera istri Switzerland;Jaera;istri;Jaera istri;Switzerland;Switzerland
503;Jaera sarsi France;Jaera;sarsi;Jaera sarsi;France;France
504;Jaera sarsi Hungary;Jaera;sarsi;Jaera sarsi;Hungary;Hungary
505;Jaera sarsi Poland;Jaera;sarsi;Jaera sarsi;Poland;Poland
506;Jaera sarsi Slovakia;Jaera;sarsi;Jaera sarsi;Slovakia;Slovakia
507;Jaera sarsi Ukraine;Jaera;sarsi;Jaera sarsi;Ukraine;Ukraine
508;Katamysis warpachowskyi Austria;Katamysis;warpachowskyi;Katamysis warpachowskyi;Austria;Austria
509;Katamysis warpachowskyi Croatia;Katamysis;warpachowskyi;Katamysis warpachowskyi;Croatia;Croatia
510;Katamysis warpachowskyi Hungary;Katamysis;warpachowskyi;Katamysis warpachowskyi;Hungary;Hungary
511;Katamysis warpachowskyi Moldova;Katamysis;warpachowskyi;Katamysis warpachowskyi;Moldova;Moldova
512;Katamysis warpachowskyi Republic of Serbia;Katamysis;warpachowskyi;Katamysis warpachowskyi;Republic of Serbia;Republic of Serbia
513;Katamysis warpachowskyi Slovakia;Katamysis;warpachowskyi;Katamysis warpachowskyi;Slovakia;Slovakia
514;Katamysis warpachowskyi Ukraine;Katamysis;warpachowskyi;Katamysis warpachowskyi;Ukraine;Ukraine
515;Ladislavella catascopium Germany;Ladislavella;catascopium;Ladislavella catascopium;Germany;Germany
516;Limnomysis benedeni Austria;Limnomysis;benedeni;Limnomysis benedeni;Austria;Austria
517;Limnomysis benedeni Belgium;Limnomysis;benedeni;Limnomysis benedeni;Belgium;Belgium
518;Limnomysis benedeni Croatia;Limnomysis;benedeni;Limnomysis benedeni;Croatia;Croatia
519;Limnomysis benedeni France;Limnomysis;benedeni;Limnomysis benedeni;France;France
520;Limnomysis benedeni Germany;Limnomysis;benedeni;Limnomysis benedeni;Germany;Germany
521;Limnomysis benedeni Hungary;Limnomysis;benedeni;Limnomysis benedeni;Hungary;Hungary
522;Limnomysis benedeni Lithuania;Limnomysis;benedeni;Limnomysis benedeni;Lithuania;Lithuania
523;Limnomysis benedeni Moldova;Limnomysis;benedeni;Limnomysis benedeni;Moldova;Moldova
524;Limnomysis benedeni Poland;Limnomysis;benedeni;Limnomysis benedeni;Poland;Poland
525;Limnomysis benedeni Slovakia;Limnomysis;benedeni;Limnomysis benedeni;Slovakia;Slovakia
526;Limnomysis benedeni Switzerland;Limnomysis;benedeni;Limnomysis benedeni;Switzerland;Switzerland
527;Limnomysis benedeni Ukraine;Limnomysis;benedeni;Limnomysis benedeni;Ukraine;Ukraine
528;Lithoglyphus naticoides Belgium;Lithoglyphus;naticoides;Lithoglyphus naticoides;Belgium;Belgium
529;Lithoglyphus naticoides France;Lithoglyphus;naticoides;Lithoglyphus naticoides;France;France
530;Lithoglyphus naticoides Germany;Lithoglyphus;naticoides;Lithoglyphus naticoides;Germany;Germany
531;Lithoglyphus naticoides Hungary;Lithoglyphus;naticoides;Lithoglyphus naticoides;Hungary;Hungary
532;Lithoglyphus naticoides Lithuania;Lithoglyphus;naticoides;Lithoglyphus naticoides;Lithuania;Lithuania
533;Lithoglyphus naticoides Poland;Lithoglyphus;naticoides;Lithoglyphus naticoides;Poland;Poland
534;Lithoglyphus naticoides Republic of Serbia;Lithoglyphus;naticoides;Lithoglyphus naticoides;Republic of Serbia;Republic of Serbia
535;Lithoglyphus naticoides Sweden;Lithoglyphus;naticoides;Lithoglyphus naticoides;Sweden;Sweden
536;Lithoglyphus naticoides Ukraine;Lithoglyphus;naticoides;Lithoglyphus naticoides;Ukraine;Ukraine
537;Lymnaea stagnalis Ukraine;Lymnaea;stagnalis;Lymnaea stagnalis;Ukraine;Ukraine
538;Melanoides tuberculata Austria;Melanoides;tuberculata;Melanoides tuberculata;Austria;Austria
539;Melanoides tuberculata France;Melanoides;tuberculata;Melanoides tuberculata;France;France
540;Melanoides tuberculata Germany;Melanoides;tuberculata;Melanoides tuberculata;Germany;Germany
541;Melanoides tuberculata Hungary;Melanoides;tuberculata;Melanoides tuberculata;Hungary;Hungary
542;Melanoides tuberculata Ireland;Melanoides;tuberculata;Melanoides tuberculata;Ireland;Ireland
543;Melanoides tuberculata Italy;Melanoides;tuberculata;Melanoides tuberculata;Italy;Italy
544;Melanoides tuberculata Latvia;Melanoides;tuberculata;Melanoides tuberculata;Latvia;Latvia
545;Melanoides tuberculata Netherlands;Melanoides;tuberculata;Melanoides tuberculata;Netherlands;Netherlands
546;Melanoides tuberculata Poland;Melanoides;tuberculata;Melanoides tuberculata;Poland;Poland
547;Melanoides tuberculata Spain;Melanoides;tuberculata;Melanoides tuberculata;Spain;Spain
548;Melanoides tuberculata Ukraine;Melanoides;tuberculata;Melanoides tuberculata;Ukraine;Ukraine
549;Menetus dilatatus Belgium;Menetus;dilatatus;Menetus dilatatus;Belgium;Belgium
550;Menetus dilatatus Czechia;Menetus;dilatatus;Menetus dilatatus;Czechia;Czechia
551;Menetus dilatatus France;Menetus;dilatatus;Menetus dilatatus;France;France
552;Menetus dilatatus Germany;Menetus;dilatatus;Menetus dilatatus;Germany;Germany
553;Menetus dilatatus Netherlands;Menetus;dilatatus;Menetus dilatatus;Netherlands;Netherlands
554;Menetus dilatatus Poland;Menetus;dilatatus;Menetus dilatatus;Poland;Poland
555;Menetus dilatatus United Kingdom;Menetus;dilatatus;Menetus dilatatus;United Kingdom;United Kingdom
556;Mesomysis kowalevskii Ukraine;Mesomysis;kowalevskii;Mesomysis kowalevskii;Ukraine;Ukraine
557;Mytilopsis leucophaeata Belgium;Mytilopsis;leucophaeata;Mytilopsis leucophaeata;Belgium;Belgium
558;Mytilopsis leucophaeata Finland;Mytilopsis;leucophaeata;Mytilopsis leucophaeata;Finland;Finland
559;Mytilopsis leucophaeata France;Mytilopsis;leucophaeata;Mytilopsis leucophaeata;France;France
560;Mytilopsis leucophaeata Germany;Mytilopsis;leucophaeata;Mytilopsis leucophaeata;Germany;Germany
561;Mytilopsis leucophaeata Netherlands;Mytilopsis;leucophaeata;Mytilopsis leucophaeata;Netherlands;Netherlands
562;Mytilopsis leucophaeata Poland;Mytilopsis;leucophaeata;Mytilopsis leucophaeata;Poland;Poland
563;Mytilopsis leucophaeata Spain;Mytilopsis;leucophaeata;Mytilopsis leucophaeata;Spain;Spain
564;Mytilopsis leucophaeata Sweden;Mytilopsis;leucophaeata;Mytilopsis leucophaeata;Sweden;Sweden
565;Mytilopsis leucophaeata Ukraine;Mytilopsis;leucophaeata;Mytilopsis leucophaeata;Ukraine;Ukraine
566;Mytilopsis leucophaeata United Kingdom;Mytilopsis;leucophaeata;Mytilopsis leucophaeata;United Kingdom;United Kingdom
567;Obesogammarus crassus Germany;Obesogammarus;crassus;Obesogammarus crassus;Germany;Germany
568;Obesogammarus crassus Hungary;Obesogammarus;crassus;Obesogammarus crassus;Hungary;Hungary
569;Obesogammarus crassus Lithuania;Obesogammarus;crassus;Obesogammarus crassus;Lithuania;Lithuania
570;Obesogammarus crassus Poland;Obesogammarus;crassus;Obesogammarus crassus;Poland;Poland
571;Obesogammarus crassus Sweden;Obesogammarus;crassus;Obesogammarus crassus;Sweden;Sweden
572;Obesogammarus crassus Ukraine;Obesogammarus;crassus;Obesogammarus crassus;Ukraine;Ukraine
573;Obesogammarus obesus Austria;Obesogammarus;obesus;Obesogammarus obesus;Austria;Austria
574;Obesogammarus obesus Croatia;Obesogammarus;obesus;Obesogammarus obesus;Croatia;Croatia
575;Obesogammarus obesus Germany;Obesogammarus;obesus;Obesogammarus obesus;Germany;Germany
576;Obesogammarus obesus Hungary;Obesogammarus;obesus;Obesogammarus obesus;Hungary;Hungary
577;Obesogammarus obesus Netherlands;Obesogammarus;obesus;Obesogammarus obesus;Netherlands;Netherlands
578;Obesogammarus obesus Slovakia;Obesogammarus;obesus;Obesogammarus obesus;Slovakia;Slovakia
579;Obesogammarus obesus Ukraine;Obesogammarus;obesus;Obesogammarus obesus;Ukraine;Ukraine
580;Ocnerodrilus occidentalis Italy;Ocnerodrilus;occidentalis;Ocnerodrilus occidentalis;Italy;Italy
581;Orchestia cavimana Estonia;Orchestia;cavimana;Orchestia cavimana;Estonia;Estonia
582;Orchestia cavimana France;Orchestia;cavimana;Orchestia cavimana;France;France
583;Orchestia cavimana Germany;Orchestia;cavimana;Orchestia cavimana;Germany;Germany
584;Orchestia cavimana Luxembourg;Orchestia;cavimana;Orchestia cavimana;Luxembourg;Luxembourg
585;Orchestia cavimana Netherlands;Orchestia;cavimana;Orchestia cavimana;Netherlands;Netherlands
586;Orchestia cavimana Poland;Orchestia;cavimana;Orchestia cavimana;Poland;Poland
587;Pacifastacus leniusculus Austria;Pacifastacus;leniusculus;Pacifastacus leniusculus;Austria;Austria
588;Pacifastacus leniusculus Belgium;Pacifastacus;leniusculus;Pacifastacus leniusculus;Belgium;Belgium
589;Pacifastacus leniusculus Croatia;Pacifastacus;leniusculus;Pacifastacus leniusculus;Croatia;Croatia
590;Pacifastacus leniusculus Czechia;Pacifastacus;leniusculus;Pacifastacus leniusculus;Czechia;Czechia
591;Pacifastacus leniusculus Denmark;Pacifastacus;leniusculus;Pacifastacus leniusculus;Denmark;Denmark
592;Pacifastacus leniusculus Estonia;Pacifastacus;leniusculus;Pacifastacus leniusculus;Estonia;Estonia
593;Pacifastacus leniusculus Finland;Pacifastacus;leniusculus;Pacifastacus leniusculus;Finland;Finland
594;Pacifastacus leniusculus France;Pacifastacus;leniusculus;Pacifastacus leniusculus;France;France
595;Pacifastacus leniusculus Germany;Pacifastacus;leniusculus;Pacifastacus leniusculus;Germany;Germany
596;Pacifastacus leniusculus Greece;Pacifastacus;leniusculus;Pacifastacus leniusculus;Greece;Greece
597;Pacifastacus leniusculus Hungary;Pacifastacus;leniusculus;Pacifastacus leniusculus;Hungary;Hungary
598;Pacifastacus leniusculus Italy;Pacifastacus;leniusculus;Pacifastacus leniusculus;Italy;Italy
599;Pacifastacus leniusculus Latvia;Pacifastacus;leniusculus;Pacifastacus leniusculus;Latvia;Latvia
600;Pacifastacus leniusculus Lithuania;Pacifastacus;leniusculus;Pacifastacus leniusculus;Lithuania;Lithuania
601;Pacifastacus leniusculus Luxembourg;Pacifastacus;leniusculus;Pacifastacus leniusculus;Luxembourg;Luxembourg
602;Pacifastacus leniusculus Netherlands;Pacifastacus;leniusculus;Pacifastacus leniusculus;Netherlands;Netherlands
603;Pacifastacus leniusculus Norway;Pacifastacus;leniusculus;Pacifastacus leniusculus;Norway;Norway
604;Pacifastacus leniusculus Poland;Pacifastacus;leniusculus;Pacifastacus leniusculus;Poland;Poland
605;Pacifastacus leniusculus Portugal;Pacifastacus;leniusculus;Pacifastacus leniusculus;Portugal;Portugal
606;Pacifastacus leniusculus Romania;Pacifastacus;leniusculus;Pacifastacus leniusculus;Romania;Romania
607;Pacifastacus leniusculus Slovakia;Pacifastacus;leniusculus;Pacifastacus leniusculus;Slovakia;Slovakia
608;Pacifastacus leniusculus Slovenia;Pacifastacus;leniusculus;Pacifastacus leniusculus;Slovenia;Slovenia
609;Pacifastacus leniusculus Spain;Pacifastacus;leniusculus;Pacifastacus leniusculus;Spain;Spain
610;Pacifastacus leniusculus Sweden;Pacifastacus;leniusculus;Pacifastacus leniusculus;Sweden;Sweden
611;Pacifastacus leniusculus Switzerland;Pacifastacus;leniusculus;Pacifastacus leniusculus;Switzerland;Switzerland
612;Pacifastacus leniusculus United Kingdom;Pacifastacus;leniusculus;Pacifastacus leniusculus;United Kingdom;United Kingdom
613;Parapoynx bilinealis United Kingdom;Parapoynx;bilinealis;Parapoynx bilinealis;United Kingdom;United Kingdom
614;Pectinatella magnifica France;Pectinatella;magnifica;Pectinatella magnifica;France;France
615;Pectinatella magnifica Portugal;Pectinatella;magnifica;Pectinatella magnifica;Portugal;Portugal
616;Pelosoma lafertei Italy;Pelosoma;lafertei;Pelosoma lafertei;Italy;Italy
617;Peregriana peregra Portugal;Peregriana;peregra;Peregriana peregra;Portugal;Portugal
618;Physella acuta Austria;Physella;acuta;Physella acuta;Austria;Austria
619;Physella acuta Belgium;Physella;acuta;Physella acuta;Belgium;Belgium
620;Physella acuta Bulgaria;Physella;acuta;Physella acuta;Bulgaria;Bulgaria
621;Physella acuta Czechia;Physella;acuta;Physella acuta;Czechia;Czechia
622;Physella acuta Denmark;Physella;acuta;Physella acuta;Denmark;Denmark
623;Physella acuta France;Physella;acuta;Physella acuta;France;France
624;Physella acuta Germany;Physella;acuta;Physella acuta;Germany;Germany
625;Physella acuta Hungary;Physella;acuta;Physella acuta;Hungary;Hungary
626;Physella acuta Iceland;Physella;acuta;Physella acuta;Iceland;Iceland
627;Physella acuta Ireland;Physella;acuta;Physella acuta;Ireland;Ireland
628;Physella acuta Italy;Physella;acuta;Physella acuta;Italy;Italy
629;Physella acuta Latvia;Physella;acuta;Physella acuta;Latvia;Latvia
630;Physella acuta Luxembourg;Physella;acuta;Physella acuta;Luxembourg;Luxembourg
631;Physella acuta Netherlands;Physella;acuta;Physella acuta;Netherlands;Netherlands
632;Physella acuta Poland;Physella;acuta;Physella acuta;Poland;Poland
633;Physella acuta Portugal;Physella;acuta;Physella acuta;Portugal;Portugal
634;Physella acuta Romania;Physella;acuta;Physella acuta;Romania;Romania
635;Physella acuta Spain;Physella;acuta;Physella acuta;Spain;Spain
636;Physella acuta Switzerland;Physella;acuta;Physella acuta;Switzerland;Switzerland
637;Physella acuta Ukraine;Physella;acuta;Physella acuta;Ukraine;Ukraine
638;Physella acuta United Kingdom;Physella;acuta;Physella acuta;United Kingdom;United Kingdom
639;Physella gyrina Austria;Physella;gyrina;Physella gyrina;Austria;Austria
640;Physella gyrina Ireland;Physella;gyrina;Physella gyrina;Ireland;Ireland
641;Physella gyrina United Kingdom;Physella;gyrina;Physella gyrina;United Kingdom;United Kingdom
642;Physella hendersoni Austria;Physella;hendersoni;Physella hendersoni;Austria;Austria
643;Physella integra Ukraine;Physella;integra;Physella integra;Ukraine;Ukraine
644;Piscicola geometra Italy;Piscicola;geometra;Piscicola geometra;Italy;Italy
645;Planaria torva United Kingdom;Planaria;torva;Planaria torva;United Kingdom;United Kingdom
646;Planorbarius corneus Ireland;Planorbarius;corneus;Planorbarius corneus;Ireland;Ireland
647;Planorbarius corneus Norway;Planorbarius;corneus;Planorbarius corneus;Norway;Norway
648;Planorbarius corneus Switzerland;Planorbarius;corneus;Planorbarius corneus;Switzerland;Switzerland
649;Planorbella anceps Germany;Planorbella;anceps;Planorbella anceps;Germany;Germany
650;Planorbella duryi Austria;Planorbella;duryi;Planorbella duryi;Austria;Austria
651;Planorbella duryi France;Planorbella;duryi;Planorbella duryi;France;France
652;Planorbella duryi Germany;Planorbella;duryi;Planorbella duryi;Germany;Germany
653;Planorbella duryi Italy;Planorbella;duryi;Planorbella duryi;Italy;Italy
654;Planorbella duryi Latvia;Planorbella;duryi;Planorbella duryi;Latvia;Latvia
655;Planorbella duryi Poland;Planorbella;duryi;Planorbella duryi;Poland;Poland
656;Planorbella duryi Portugal;Planorbella;duryi;Planorbella duryi;Portugal;Portugal
657;Planorbella duryi Sweden;Planorbella;duryi;Planorbella duryi;Sweden;Sweden
658;Planorbella duryi Ukraine;Planorbella;duryi;Planorbella duryi;Ukraine;Ukraine
659;Planorbella trivolvis Portugal;Planorbella;trivolvis;Planorbella trivolvis;Portugal;Portugal
660;Planorbis carinatus Norway;Planorbis;carinatus;Planorbis carinatus;Norway;Norway
661;Pomacea bridgesii Austria;Pomacea;bridgesii;Pomacea bridgesii;Austria;Austria
662;Pomacea canaliculata Spain;Pomacea;canaliculata;Pomacea canaliculata;Spain;Spain
664;Pontastacus leptodactylus Belgium;Pontastacus;leptodactylus;Pontastacus leptodactylus;Belgium;Belgium
665;Pontastacus leptodactylus Czechia;Pontastacus;leptodactylus;Pontastacus leptodactylus;Czechia;Czechia
666;Pontastacus leptodactylus Denmark;Pontastacus;leptodactylus;Pontastacus leptodactylus;Denmark;Denmark
667;Pontastacus leptodactylus Finland;Pontastacus;leptodactylus;Pontastacus leptodactylus;Finland;Finland
668;Pontastacus leptodactylus France;Pontastacus;leptodactylus;Pontastacus leptodactylus;France;France
669;Pontastacus leptodactylus Germany;Pontastacus;leptodactylus;Pontastacus leptodactylus;Germany;Germany
670;Pontastacus leptodactylus Italy;Pontastacus;leptodactylus;Pontastacus leptodactylus;Italy;Italy
671;Pontastacus leptodactylus Latvia;Pontastacus;leptodactylus;Pontastacus leptodactylus;Latvia;Latvia
672;Pontastacus leptodactylus Malta;Pontastacus;leptodactylus;Pontastacus leptodactylus;Malta;Malta
673;Pontastacus leptodactylus Netherlands;Pontastacus;leptodactylus;Pontastacus leptodactylus;Netherlands;Netherlands
674;Pontastacus leptodactylus Sweden;Pontastacus;leptodactylus;Pontastacus leptodactylus;Sweden;Sweden
675;Pontastacus leptodactylus Switzerland;Pontastacus;leptodactylus;Pontastacus leptodactylus;Switzerland;Switzerland
676;Pontastacus leptodactylus Ukraine;Pontastacus;leptodactylus;Pontastacus leptodactylus;Ukraine;Ukraine
677;Pontastacus leptodactylus United Kingdom;Pontastacus;leptodactylus;Pontastacus leptodactylus;United Kingdom;United Kingdom
678;Pontogammarus aestuarius Hungary;Pontogammarus;aestuarius;Pontogammarus aestuarius;Hungary;Hungary
679;Pontogammarus borceae Hungary;Pontogammarus;borceae;Pontogammarus borceae;Hungary;Hungary
680;Pontogammarus maeoticus Hungary;Pontogammarus;maeoticus;Pontogammarus maeoticus;Hungary;Hungary
681;Pontogammarus maeoticus Ukraine;Pontogammarus;maeoticus;Pontogammarus maeoticus;Ukraine;Ukraine
682;Pontogammarus robustoides Estonia;Pontogammarus;robustoides;Pontogammarus robustoides;Estonia;Estonia
683;Pontogammarus robustoides Finland;Pontogammarus;robustoides;Pontogammarus robustoides;Finland;Finland
684;Pontogammarus robustoides Germany;Pontogammarus;robustoides;Pontogammarus robustoides;Germany;Germany
685;Pontogammarus robustoides Hungary;Pontogammarus;robustoides;Pontogammarus robustoides;Hungary;Hungary
686;Pontogammarus robustoides Lithuania;Pontogammarus;robustoides;Pontogammarus robustoides;Lithuania;Lithuania
687;Pontogammarus robustoides Moldova;Pontogammarus;robustoides;Pontogammarus robustoides;Moldova;Moldova
688;Pontogammarus robustoides Poland;Pontogammarus;robustoides;Pontogammarus robustoides;Poland;Poland
689;Pontogammarus robustoides Sweden;Pontogammarus;robustoides;Pontogammarus robustoides;Sweden;Sweden
690;Pontogammarus robustoides Ukraine;Pontogammarus;robustoides;Pontogammarus robustoides;Ukraine;Ukraine
691;Potamocorbula amurensis Spain;Potamocorbula;amurensis;Potamocorbula amurensis;Spain;Spain
692;Potamon ibericum France;Potamon;ibericum;Potamon ibericum;France;France
693;Potamopyrgus antipodarum Austria;Potamopyrgus;antipodarum;Potamopyrgus antipodarum;Austria;Austria
694;Potamopyrgus antipodarum Belgium;Potamopyrgus;antipodarum;Potamopyrgus antipodarum;Belgium;Belgium
695;Potamopyrgus antipodarum Bulgaria;Potamopyrgus;antipodarum;Potamopyrgus antipodarum;Bulgaria;Bulgaria
696;Potamopyrgus antipodarum Croatia;Potamopyrgus;antipodarum;Potamopyrgus antipodarum;Croatia;Croatia
697;Potamopyrgus antipodarum Czechia;Potamopyrgus;antipodarum;Potamopyrgus antipodarum;Czechia;Czechia
698;Potamopyrgus antipodarum Denmark;Potamopyrgus;antipodarum;Potamopyrgus antipodarum;Denmark;Denmark
699;Potamopyrgus antipodarum England;Potamopyrgus;antipodarum;Potamopyrgus antipodarum;England;England
700;Potamopyrgus antipodarum Estonia;Potamopyrgus;antipodarum;Potamopyrgus antipodarum;Estonia;Estonia
701;Potamopyrgus antipodarum Finland;Potamopyrgus;antipodarum;Potamopyrgus antipodarum;Finland;Finland
702;Potamopyrgus antipodarum France;Potamopyrgus;antipodarum;Potamopyrgus antipodarum;France;France
703;Potamopyrgus antipodarum Germany;Potamopyrgus;antipodarum;Potamopyrgus antipodarum;Germany;Germany
704;Potamopyrgus antipodarum Greece;Potamopyrgus;antipodarum;Potamopyrgus antipodarum;Greece;Greece
705;Potamopyrgus antipodarum Hungary;Potamopyrgus;antipodarum;Potamopyrgus antipodarum;Hungary;Hungary
706;Potamopyrgus antipodarum Ireland;Potamopyrgus;antipodarum;Potamopyrgus antipodarum;Ireland;Ireland
707;Potamopyrgus antipodarum Italy;Potamopyrgus;antipodarum;Potamopyrgus antipodarum;Italy;Italy
708;Potamopyrgus antipodarum Latvia;Potamopyrgus;antipodarum;Potamopyrgus antipodarum;Latvia;Latvia
709;Potamopyrgus antipodarum Lithuania;Potamopyrgus;antipodarum;Potamopyrgus antipodarum;Lithuania;Lithuania
710;Potamopyrgus antipodarum Luxembourg;Potamopyrgus;antipodarum;Potamopyrgus antipodarum;Luxembourg;Luxembourg
711;Potamopyrgus antipodarum Moldova;Potamopyrgus;antipodarum;Potamopyrgus antipodarum;Moldova;Moldova
712;Potamopyrgus antipodarum Netherlands;Potamopyrgus;antipodarum;Potamopyrgus antipodarum;Netherlands;Netherlands
713;Potamopyrgus antipodarum Norway;Potamopyrgus;antipodarum;Potamopyrgus antipodarum;Norway;Norway
714;Potamopyrgus antipodarum Poland;Potamopyrgus;antipodarum;Potamopyrgus antipodarum;Poland;Poland
715;Potamopyrgus antipodarum Portugal;Potamopyrgus;antipodarum;Potamopyrgus antipodarum;Portugal;Portugal
716;Potamopyrgus antipodarum Romania;Potamopyrgus;antipodarum;Potamopyrgus antipodarum;Romania;Romania
717;Potamopyrgus antipodarum Spain;Potamopyrgus;antipodarum;Potamopyrgus antipodarum;Spain;Spain
718;Potamopyrgus antipodarum Sweden;Potamopyrgus;antipodarum;Potamopyrgus antipodarum;Sweden;Sweden
719;Potamopyrgus antipodarum Switzerland;Potamopyrgus;antipodarum;Potamopyrgus antipodarum;Switzerland;Switzerland
720;Potamopyrgus antipodarum Ukraine;Potamopyrgus;antipodarum;Potamopyrgus antipodarum;Ukraine;Ukraine
721;Potamopyrgus antipodarum United Kingdom;Potamopyrgus;antipodarum;Potamopyrgus antipodarum;United Kingdom;United Kingdom
722;Proasellus banyulensis Italy;Proasellus;banyulensis;Proasellus banyulensis;Italy;Italy
723;Proasellus coxalis Belgium;Proasellus;coxalis;Proasellus coxalis;Belgium;Belgium
724;Proasellus coxalis Czechia;Proasellus;coxalis;Proasellus coxalis;Czechia;Czechia
725;Proasellus coxalis France;Proasellus;coxalis;Proasellus coxalis;France;France
726;Proasellus coxalis Germany;Proasellus;coxalis;Proasellus coxalis;Germany;Germany
727;Proasellus coxalis Netherlands;Proasellus;coxalis;Proasellus coxalis;Netherlands;Netherlands
728;Proasellus coxalis Norway;Proasellus;coxalis;Proasellus coxalis;Norway;Norway
729;Proasellus coxalis Poland;Proasellus;coxalis;Proasellus coxalis;Poland;Poland
730;Proasellus coxalis Switzerland;Proasellus;coxalis;Proasellus coxalis;Switzerland;Switzerland
731;Proasellus meridianus Belgium;Proasellus;meridianus;Proasellus meridianus;Belgium;Belgium
732;Proasellus meridianus Germany;Proasellus;meridianus;Proasellus meridianus;Germany;Germany
733;Proasellus meridianus Switzerland;Proasellus;meridianus;Proasellus meridianus;Switzerland;Switzerland
734;Procambarus acutus Netherlands;Procambarus;acutus;Procambarus acutus;Netherlands;Netherlands
735;Procambarus acutus Sweden;Procambarus;acutus;Procambarus acutus;Sweden;Sweden
736;Procambarus acutus United Kingdom;Procambarus;acutus;Procambarus acutus;United Kingdom;United Kingdom
737;Procambarus clarkii Austria;Procambarus;clarkii;Procambarus clarkii;Austria;Austria
738;Procambarus clarkii Belgium;Procambarus;clarkii;Procambarus clarkii;Belgium;Belgium
739;Procambarus clarkii France;Procambarus;clarkii;Procambarus clarkii;France;France
740;Procambarus clarkii Germany;Procambarus;clarkii;Procambarus clarkii;Germany;Germany
741;Procambarus clarkii Italy;Procambarus;clarkii;Procambarus clarkii;Italy;Italy
742;Procambarus clarkii Malta;Procambarus;clarkii;Procambarus clarkii;Malta;Malta
743;Procambarus clarkii Netherlands;Procambarus;clarkii;Procambarus clarkii;Netherlands;Netherlands
744;Procambarus clarkii Poland;Procambarus;clarkii;Procambarus clarkii;Poland;Poland
745;Procambarus clarkii Portugal;Procambarus;clarkii;Procambarus clarkii;Portugal;Portugal
746;Procambarus clarkii Spain;Procambarus;clarkii;Procambarus clarkii;Spain;Spain
747;Procambarus clarkii Sweden;Procambarus;clarkii;Procambarus clarkii;Sweden;Sweden
748;Procambarus clarkii Switzerland;Procambarus;clarkii;Procambarus clarkii;Switzerland;Switzerland
749;Procambarus clarkii United Kingdom;Procambarus;clarkii;Procambarus clarkii;United Kingdom;United Kingdom
750;Procambarus cubensis Germany;Procambarus;cubensis;Procambarus cubensis;Germany;Germany
751;Procambarus fallax Estonia;Procambarus;fallax;Procambarus fallax;Estonia;Estonia
752;Procambarus fallax Germany;Procambarus;fallax;Procambarus fallax;Germany;Germany
753;Procambarus fallax Netherlands;Procambarus;fallax;Procambarus fallax;Netherlands;Netherlands
754;Procambarus fallax Ukraine;Procambarus;fallax;Procambarus fallax;Ukraine;Ukraine
755;Procambarus virginalis Croatia;Procambarus;virginalis;Procambarus virginalis;Croatia;Croatia
756;Procambarus virginalis Malta;Procambarus;virginalis;Procambarus virginalis;Malta;Malta
757;Procambarus virginalis Netherlands;Procambarus;virginalis;Procambarus virginalis;Netherlands;Netherlands
758;Procambarus virginalis Poland;Procambarus;virginalis;Procambarus virginalis;Poland;Poland
759;Procambarus virginalis Romania;Procambarus;virginalis;Procambarus virginalis;Romania;Romania
760;Procambarus virginalis Sweden;Procambarus;virginalis;Procambarus virginalis;Sweden;Sweden
761;Pseudagrion microcephalum Belgium;Pseudagrion;microcephalum;Pseudagrion microcephalum;Belgium;Belgium
762;Pseudoneuroclipsis lusitanicus France;Pseudoneuroclipsis;lusitanicus;Pseudoneuroclipsis lusitanicus;France;France
763;Pseudosuccinea columella Germany;Pseudosuccinea;columella;Pseudosuccinea columella;Germany;Germany
764;Pseudosuccinea columella Italy;Pseudosuccinea;columella;Pseudosuccinea columella;Italy;Italy
765;Pseudosuccinea columella Portugal;Pseudosuccinea;columella;Pseudosuccinea columella;Portugal;Portugal
766;Radix auricularia Italy;Radix;auricularia;Radix auricularia;Italy;Italy
767;Radix javanica Austria;Radix;javanica;Radix javanica;Austria;Austria
768;Radix rubiginosa Ireland;Radix;rubiginosa;Radix rubiginosa;Ireland;Ireland
769;Rangia cuneata Belgium;Rangia;cuneata;Rangia cuneata;Belgium;Belgium
770;Rangia cuneata Estonia;Rangia;cuneata;Rangia cuneata;Estonia;Estonia
771;Rangia cuneata Lithuania;Rangia;cuneata;Rangia cuneata;Lithuania;Lithuania
772;Rangia cuneata Netherlands;Rangia;cuneata;Rangia cuneata;Netherlands;Netherlands
773;Rangia cuneata Poland;Rangia;cuneata;Rangia cuneata;Poland;Poland
774;Rangia cuneata Sweden;Rangia;cuneata;Rangia cuneata;Sweden;Sweden
775;Rangia cuneata United Kingdom;Rangia;cuneata;Rangia cuneata;United Kingdom;United Kingdom
776;Rivulogammarus kischineffensis Ukraine;Rivulogammarus;kischineffensis;Rivulogammarus kischineffensis;Ukraine;Ukraine
777;Sinanodonta woodiana Austria;Sinanodonta;woodiana;Sinanodonta woodiana;Austria;Austria
778;Sinanodonta woodiana Belgium;Sinanodonta;woodiana;Sinanodonta woodiana;Belgium;Belgium
779;Sinanodonta woodiana Bulgaria;Sinanodonta;woodiana;Sinanodonta woodiana;Bulgaria;Bulgaria
780;Sinanodonta woodiana Croatia;Sinanodonta;woodiana;Sinanodonta woodiana;Croatia;Croatia
781;Sinanodonta woodiana France;Sinanodonta;woodiana;Sinanodonta woodiana;France;France
782;Sinanodonta woodiana Germany;Sinanodonta;woodiana;Sinanodonta woodiana;Germany;Germany
783;Sinanodonta woodiana Greece;Sinanodonta;woodiana;Sinanodonta woodiana;Greece;Greece
784;Sinanodonta woodiana Hungary;Sinanodonta;woodiana;Sinanodonta woodiana;Hungary;Hungary
785;Sinanodonta woodiana Italy;Sinanodonta;woodiana;Sinanodonta woodiana;Italy;Italy
786;Sinanodonta woodiana Moldova;Sinanodonta;woodiana;Sinanodonta woodiana;Moldova;Moldova
787;Sinanodonta woodiana Poland;Sinanodonta;woodiana;Sinanodonta woodiana;Poland;Poland
788;Sinanodonta woodiana Romania;Sinanodonta;woodiana;Sinanodonta woodiana;Romania;Romania
789;Sinanodonta woodiana Republic of Serbia;Sinanodonta;woodiana;Sinanodonta woodiana;Republic of Serbia;Republic of Serbia
790;Sinanodonta woodiana Spain;Sinanodonta;woodiana;Sinanodonta woodiana;Spain;Spain
791;Sinanodonta woodiana Sweden;Sinanodonta;woodiana;Sinanodonta woodiana;Sweden;Sweden
792;Sinanodonta woodiana Ukraine;Sinanodonta;woodiana;Sinanodonta woodiana;Ukraine;Ukraine
793;Sphaerium corneum Ukraine;Sphaerium;corneum;Sphaerium corneum;Ukraine;Ukraine
794;Sphaerium rivicola Ukraine;Sphaerium;rivicola;Sphaerium rivicola;Ukraine;Ukraine
795;Sphaerium transversum France;Sphaerium;transversum;Sphaerium transversum;France;France
796;Sphaerium transversum Germany;Sphaerium;transversum;Sphaerium transversum;Germany;Germany
797;Sphaerium transversum Netherlands;Sphaerium;transversum;Sphaerium transversum;Netherlands;Netherlands
798;Sphaerium transversum United Kingdom;Sphaerium;transversum;Sphaerium transversum;United Kingdom;United Kingdom
799;Stenopelmus rufinasus Italy;Stenopelmus;rufinasus;Stenopelmus rufinasus;Italy;Italy
800;Theodoxus danasteri Ukraine;Theodoxus;danasteri;Theodoxus danasteri;Ukraine;Ukraine
801;Theodoxus danubialis Germany;Theodoxus;danubialis;Theodoxus danubialis;Germany;Germany
802;Theodoxus euxinus Moldova;Theodoxus;euxinus;Theodoxus euxinus;Moldova;Moldova
803;Theodoxus euxinus Ukraine;Theodoxus;euxinus;Theodoxus euxinus;Ukraine;Ukraine
808;Theodoxus pallasi Moldova;Theodoxus;pallasi;Theodoxus pallasi;Moldova;Moldova
810;Turcogammarus aralensis Ukraine;Turcogammarus;aralensis;Turcogammarus aralensis;Ukraine;Ukraine
811;Unio mancus Germany;Unio;mancus;Unio mancus;Germany;Germany
812;Viviparus acerosus Germany;Viviparus;acerosus;Viviparus acerosus;Germany;Germany
813;Viviparus ater France;Viviparus;ater;Viviparus ater;France;France
814;Viviparus ater Germany;Viviparus;ater;Viviparus ater;Germany;Germany
815;Viviparus ater Switzerland;Viviparus;ater;Viviparus ater;Switzerland;Switzerland
816;Viviparus viviparus Germany;Viviparus;viviparus;Viviparus viviparus;Germany;Germany
817;Viviparus viviparus Norway;Viviparus;viviparus;Viviparus viviparus;Norway;Norway
818;Viviparus viviparus Ukraine;Viviparus;viviparus;Viviparus viviparus;Ukraine;Ukraine
819;Xenostrobus securis Spain;Xenostrobus;securis;Xenostrobus securis;Spain;Spain
820;Barbronia weberi Netherlands;Barbronia;weberi;Barbronia weberi;Netherlands;Netherlands
821;Eukerria saltensis Spain;Eukerria;saltensis;Eukerria saltensis;Spain;Spain
822;Eukerria saltensis France;Eukerria;saltensis;Eukerria saltensis;France;France
823;Ocnerodrilus occidentalis  Spain;Ocnerodrilus;occidentalis;Ocnerodrilus occidentalis ;Spain;Spain
824;Barbronia weberi Republic of Serbia;Barbronia;weberi;Barbronia weberi;Republic of Serbia;Republic of Serbia
825;Barbronia weberi Hungary;Barbronia;weberi;Barbronia weberi;Hungary;Hungary
826;Barbronia weberi United Kingdom;Barbronia;weberi;Barbronia weberi;United Kingdom;United Kingdom
827;Barbronia weberi Austria;Barbronia;weberi;Barbronia weberi;Austria;Austria
828;Branchiura sowerbyi Ukraine;Branchiura;sowerbyi;Branchiura sowerbyi;Ukraine;Ukraine
829;Placobdella costata Netherlands;Placobdella;costata;Placobdella costata;Netherlands;Netherlands
830;Placobdella costata Italy;Placobdella;costata;Placobdella costata;Italy;Italy
831;Placobdella costata United Kingdom;Placobdella;costata;Placobdella costata;United Kingdom;United Kingdom
832;Placobdella costata Germany;Placobdella;costata;Placobdella costata;Germany;Germany
833;Placobdella costata Lithuania;Placobdella;costata;Placobdella costata;Lithuania;Lithuania
834;Placobdella costata Ukraine;Placobdella;costata;Placobdella costata;Ukraine;Ukraine
835;Placobdella costata Portugal;Placobdella;costata;Placobdella costata;Portugal;Portugal
836;Placobdella costata Spain;Placobdella;costata;Placobdella costata;Spain;Spain
837;Placobdella ornata Belgium;Placobdella;ornata;Placobdella ornata;Belgium;Belgium
838;Culex modestus Belgium;Culex;modestus;Culex modestus;Belgium;Belgium
839;Aedes albopictus Hungary;Aedes;albopictus;Aedes albopictus;Hungary;Hungary
840;Aedes albopictus Austria;Aedes;albopictus;Aedes albopictus;Austria;Austria
841;Aedes albopictus Moldova;Aedes;albopictus;Aedes albopictus;Moldova;Moldova
842;Aedes japonicus Austria;Aedes;japonicus;Aedes japonicus;Austria;Austria
843;Aedes japonicus Spain;Aedes;japonicus;Aedes japonicus;Spain;Spain
844;Aedes japonicus Switzerland;Aedes;japonicus;Aedes japonicus;Switzerland;Switzerland
845;Aedes japonicus Croatia;Aedes;japonicus;Aedes japonicus;Croatia;Croatia
846;Aedes japonicus Netherlands;Aedes;japonicus;Aedes japonicus;Netherlands;Netherlands
847;Aedes japonicus Republic of Serbia;Aedes;japonicus;Aedes japonicus;Republic of Serbia;Republic of Serbia
848;Aedes japonicus Slovakia;Aedes;japonicus;Aedes japonicus;Slovakia;Slovakia
849;Aedes japonicus Hungary;Aedes;japonicus;Aedes japonicus;Hungary;Hungary
850;Aedes japonicus Romania;Aedes;japonicus;Aedes japonicus;Romania;Romania
851;Aedes koreicus Slovenia;Aedes;koreicus;Aedes koreicus;Slovenia;Slovenia
852;Aedes koreicus Hungary;Aedes;koreicus;Aedes koreicus;Hungary;Hungary
853;Stenopelmus rufinasus Spain;Stenopelmus;rufinasus;Stenopelmus rufinasus;Spain;Spain
854;Stenopelmus rufinasus Portugal;Stenopelmus;rufinasus;Stenopelmus rufinasus;Portugal;Portugal
855;Stenopelmus rufinasus France;Stenopelmus;rufinasus;Stenopelmus rufinasus;France;France
856;Stenopelmus rufinasus United Kingdom;Stenopelmus;rufinasus;Stenopelmus rufinasus;United Kingdom;United Kingdom
857;Stenopelmus rufinasus Belgium;Stenopelmus;rufinasus;Stenopelmus rufinasus;Belgium;Belgium
858;Stenopelmus rufinasus Netherlands;Stenopelmus;rufinasus;Stenopelmus rufinasus;Netherlands;Netherlands
859;Oligostigma bilinealis United Kingdom;Oligostigma;bilinealis;Oligostigma bilinealis;United Kingdom;United Kingdom
860;Ischnura senegalensis Netherlands;Ischnura;senegalensis;Ischnura senegalensis;Netherlands;Netherlands
861;Ischnura senegalensis United Kingdom;Ischnura;senegalensis;Ischnura senegalensis;United Kingdom;United Kingdom
862;Ischnura senegalensis Germany;Ischnura;senegalensis;Ischnura senegalensis;Germany;Germany
863;Chelicorophium chelicorne Ireland;Chelicorophium;chelicorne;Chelicorophium chelicorne;Ireland;Ireland
864;Chelicorophium sowinskyi Germany;Chelicorophium;sowinskyi;Chelicorophium sowinskyi;Germany;Germany
865;Dikerogammarus bispinosus Germany;Dikerogammarus;bispinosus;Dikerogammarus bispinosus;Germany;Germany
866;Echinogammarus berilloni Netherlands;Echinogammarus;berilloni;Echinogammarus berilloni;Netherlands;Netherlands
867;Echinogammarus ischnus Belgium;Echinogammarus;ischnus;Echinogammarus ischnus;Belgium;Belgium
868;Gammarus roeselii Luxembourg;Gammarus;roeselii;Gammarus roeselii;Luxembourg;Luxembourg
869;Gammarus tigrinus Ireland;Gammarus;tigrinus;Gammarus tigrinus;Ireland;Ireland
870;Gammarus tigrinus Norway;Gammarus;tigrinus;Gammarus tigrinus;Norway;Norway
871;Pontogammarus robustoides Netherlands;Pontogammarus;robustoides;Pontogammarus robustoides;Netherlands;Netherlands
872;Chelicorophium curvispinum Denmark;Chelicorophium;curvispinum;Chelicorophium curvispinum;Denmark;Denmark
873;Callinectes sapidus Spain;Callinectes;sapidus;Callinectes sapidus;Spain;Spain
874;Callinectes sapidus Sweden;Callinectes;sapidus;Callinectes sapidus;Sweden;Sweden
875;Cherax quadricarinatus Italy;Cherax;quadricarinatus;Cherax quadricarinatus;Italy;Italy
876;Eriocheir sinensis Norway;Eriocheir;sinensis;Eriocheir sinensis;Norway;Norway
877;Eriocheir sinensis Switzerland;Eriocheir;sinensis;Eriocheir sinensis;Switzerland;Switzerland
878;Faxonius limosus Belarus;Faxonius;limosus;Faxonius limosus;Belarus;Belarus
879;Faxonius limosus Denmark;Faxonius;limosus;Faxonius limosus;Denmark;Denmark
880;Faxonius rusticus France;Faxonius;rusticus;Faxonius rusticus;France;France
881;Pacifastacus leniusculus Liechtenstein;Pacifastacus;leniusculus;Pacifastacus leniusculus;Liechtenstein;Liechtenstein
882;Pontastacus leptodactylus Luxembourg;Pontastacus;leptodactylus;Pontastacus leptodactylus;Luxembourg;Luxembourg
883;Pontastacus leptodactylus Lithuania;Pontastacus;leptodactylus;Pontastacus leptodactylus;Lithuania;Lithuania
884;Pontastacus leptodactylus Poland;Pontastacus;leptodactylus;Pontastacus leptodactylus;Poland;Poland
885;Pontastacus leptodactylus Austria;Pontastacus;leptodactylus;Pontastacus leptodactylus;Austria;Austria
886;Procambarus acutus Belgium;Procambarus;acutus;Procambarus acutus;Belgium;Belgium
887;Procambarus clarkii Croatia;Procambarus;clarkii;Procambarus clarkii;Croatia;Croatia
888;Procambarus clarkii Slovakia;Procambarus;clarkii;Procambarus clarkii;Slovakia;Slovakia
889;Procambarus clarkii Luxembourg;Procambarus;clarkii;Procambarus clarkii;Luxembourg;Luxembourg
890;Procambarus clarkii Hungary;Procambarus;clarkii;Procambarus clarkii;Hungary;Hungary
891;Procambarus fallax Denmark;Procambarus;fallax;Procambarus fallax;Denmark;Denmark
892;Procambarus virginalis Belgium;Procambarus;virginalis;Procambarus virginalis;Belgium;Belgium
893;Procambarus virginalis Austria;Procambarus;virginalis;Procambarus virginalis;Austria;Austria
894;Procambarus virginalis Hungary;Procambarus;virginalis;Procambarus virginalis;Hungary;Hungary
895;Procambarus virginalis Germany;Procambarus;virginalis;Procambarus virginalis;Germany;Germany
896;Procambarus virginalis France;Procambarus;virginalis;Procambarus virginalis;France;France
897;Procambarus virginalis Italy;Procambarus;virginalis;Procambarus virginalis;Italy;Italy
898;Jaera istri Czechia;Jaera;istri;Jaera istri;Czechia;Czechia
899;Proasellus coxalis Sweden;Proasellus;coxalis;Proasellus coxalis;Sweden;Sweden
900;Proasellus coxalis Spain;Proasellus;coxalis;Proasellus coxalis;Spain;Spain
901;Proasellus coxalis Austria;Proasellus;coxalis;Proasellus coxalis;Austria;Austria
902;Proasellus coxalis Greece;Proasellus;coxalis;Proasellus coxalis;Greece;Greece
903;Proasellus meridianus Norway;Proasellus;meridianus;Proasellus meridianus;Norway;Norway
904;Katamysis warpachowskyi Germany;Katamysis;warpachowskyi;Katamysis warpachowskyi;Germany;Germany
905;Katamysis warpachowskyi Netherlands;Katamysis;warpachowskyi;Katamysis warpachowskyi;Netherlands;Netherlands
906;Limnomysis benedeni Netherlands;Limnomysis;benedeni;Limnomysis benedeni;Netherlands;Netherlands
907;Pectinatella magnifica Finland;Pectinatella;magnifica;Pectinatella magnifica;Finland;Finland
908;Pectinatella magnifica Czechia;Pectinatella;magnifica;Pectinatella magnifica;Czechia;Czechia
909;Pectinatella magnifica Luxembourg;Pectinatella;magnifica;Pectinatella magnifica;Luxembourg;Luxembourg
910;Pectinatella magnifica Netherlands;Pectinatella;magnifica;Pectinatella magnifica;Netherlands;Netherlands
911;Pectinatella magnifica Belgium;Pectinatella;magnifica;Pectinatella magnifica;Belgium;Belgium
912;Pectinatella magnifica Spain;Pectinatella;magnifica;Pectinatella magnifica;Spain;Spain
913;Pectinatella magnifica Germany;Pectinatella;magnifica;Pectinatella magnifica;Germany;Germany
914;Pectinatella magnifica Austria;Pectinatella;magnifica;Pectinatella magnifica;Austria;Austria
915;Cordylophora caspia Ireland;Cordylophora;caspia;Cordylophora caspia;Ireland;Ireland
916;Craspedacusta sowerbii United Kingdom;Craspedacusta;sowerbii;Craspedacusta sowerbii;United Kingdom;United Kingdom
917;Craspedacusta sowerbii Spain;Craspedacusta;sowerbii;Craspedacusta sowerbii;Spain;Spain
918;Craspedacusta sowerbii Hungary;Craspedacusta;sowerbii;Craspedacusta sowerbii;Hungary;Hungary
919;Craspedacusta sowerbii Switzerland;Craspedacusta;sowerbii;Craspedacusta sowerbii;Switzerland;Switzerland
920;Craspedacusta sowerbii Belgium;Craspedacusta;sowerbii;Craspedacusta sowerbii;Belgium;Belgium
921;Craspedacusta sowerbii Finland;Craspedacusta;sowerbii;Craspedacusta sowerbii;Finland;Finland
922;Corbicula fluminea Slovakia;Corbicula;fluminea;Corbicula fluminea;Slovakia;Slovakia
923;Corbicula fluminea Spain;Corbicula;fluminea;Corbicula fluminea;Spain;Spain
924;Corbicula fluminea Slovenia;Corbicula;fluminea;Corbicula fluminea;Slovenia;Slovenia
925;Corbicula fluminea Albania;Corbicula;fluminea;Corbicula fluminea;Albania;Albania
926;Dreissena polymorpha Romania;Dreissena;polymorpha;Dreissena polymorpha;Romania;Romania
927;Dreissena polymorpha Montenegro;Dreissena;polymorpha;Dreissena polymorpha;Montenegro;Montenegro
928;Dreissena polymorpha Slovenia;Dreissena;polymorpha;Dreissena polymorpha;Slovenia;Slovenia
929;Dreissena polymorpha Albania;Dreissena;polymorpha;Dreissena polymorpha;Albania;Albania
930;Dreissena polymorpha Slovakia;Dreissena;polymorpha;Dreissena polymorpha;Slovakia;Slovakia
931;Potamocorbula amurensis Belgium;Potamocorbula;amurensis;Potamocorbula amurensis;Belgium;Belgium
932;Potamocorbula amurensis Netherlands;Potamocorbula;amurensis;Potamocorbula amurensis;Netherlands;Netherlands
933;Rangia cuneata France;Rangia;cuneata;Rangia cuneata;France;France
934;Rangia cuneata Latvia;Rangia;cuneata;Rangia cuneata;Latvia;Latvia
935;Rangia cuneata Finland;Rangia;cuneata;Rangia cuneata;Finland;Finland
936;Rangia cuneata Germany;Rangia;cuneata;Rangia cuneata;Germany;Germany
937;Sinanodonta woodiana Switzerland;Sinanodonta;woodiana;Sinanodonta woodiana;Switzerland;Switzerland
938;Sinanodonta woodiana Czechia;Sinanodonta;woodiana;Sinanodonta woodiana;Czechia;Czechia
939;Sinanodonta woodiana Netherlands;Sinanodonta;woodiana;Sinanodonta woodiana;Netherlands;Netherlands
940;Sinanodonta woodiana Slovakia;Sinanodonta;woodiana;Sinanodonta woodiana;Slovakia;Slovakia
941;Xenostrobus securis France;Xenostrobus;securis;Xenostrobus securis;France;France
942;Musculium transversum France;Musculium;transversum;Musculium transversum;France;France
943;Musculium transversum Germany;Musculium;transversum;Musculium transversum;Germany;Germany
944;Musculium transversum Netherlands;Musculium;transversum;Musculium transversum;Netherlands;Netherlands
945;Musculium transversum United Kingdom;Musculium;transversum;Musculium transversum;United Kingdom;United Kingdom
946;Dreissena rostriformis France;Dreissena;rostriformis bugensis;Dreissena rostriformis;France;France
947;Dreissena rostriformis Germany;Dreissena;rostriformis bugensis;Dreissena rostriformis;Germany;Germany
948;Dreissena rostriformis Hungary;Dreissena;rostriformis bugensis;Dreissena rostriformis;Hungary;Hungary
949;Dreissena rostriformis Moldova;Dreissena;rostriformis bugensis;Dreissena rostriformis;Moldova;Moldova
950;Dreissena rostriformis Netherlands;Dreissena;rostriformis bugensis;Dreissena rostriformis;Netherlands;Netherlands
951;Dreissena rostriformis Belgium;Dreissena;rostriformis bugensis;Dreissena rostriformis;Belgium;Belgium
952;Dreissena rostriformis United Kingdom;Dreissena;rostriformis bugensis;Dreissena rostriformis;United Kingdom;United Kingdom
953;Dreissena rostriformis Austria;Dreissena;rostriformis bugensis;Dreissena rostriformis;Austria;Austria
954;Dreissena rostriformis Switzerland;Dreissena;rostriformis bugensis;Dreissena rostriformis;Switzerland;Switzerland
955;Dreissena rostriformis Denmark;Dreissena;rostriformis bugensis;Dreissena rostriformis;Denmark;Denmark
956;Dreissena rostriformis Republic of Serbia;Dreissena;rostriformis bugensis;Dreissena rostriformis;Republic of Serbia;Republic of Serbia
957;Musculium transversum Belgium;Musculium;transversum;Musculium transversum;Belgium;Belgium
958;Ferrissia californica Netherlands;Ferrissia;californica;Ferrissia californica;Netherlands;Netherlands
959;Ferrissia californica Slovakia;Ferrissia;californica;Ferrissia californica;Slovakia;Slovakia
960;Gyraulus parvus United Kingdom;Gyraulus;parvus;Gyraulus parvus;United Kingdom;United Kingdom
961;Gyraulus parvus Liechtenstein;Gyraulus;parvus;Gyraulus parvus;Liechtenstein;Liechtenstein
962;Gyraulus parvus Austria;Gyraulus;parvus;Gyraulus parvus;Austria;Austria
963;Gyraulus parvus Belgium;Gyraulus;parvus;Gyraulus parvus;Belgium;Belgium
964;Gyraulus parvus Spain;Gyraulus;parvus;Gyraulus parvus;Spain;Spain
965;Gyraulus parvus Norway;Gyraulus;parvus;Gyraulus parvus;Norway;Norway
966;Gyraulus parvus Luxembourg;Gyraulus;parvus;Gyraulus parvus;Luxembourg;Luxembourg
967;Gyraulus parvus Denmark;Gyraulus;parvus;Gyraulus parvus;Denmark;Denmark
968;Gyraulus parvus Greece;Gyraulus;parvus;Gyraulus parvus;Greece;Greece
969;Lithoglyphus naticoides Netherlands;Lithoglyphus;naticoides;Lithoglyphus naticoides;Netherlands;Netherlands
970;Lithoglyphus naticoides Austria;Lithoglyphus;naticoides;Lithoglyphus naticoides;Austria;Austria
971;Lithoglyphus naticoides Switzerland;Lithoglyphus;naticoides;Lithoglyphus naticoides;Switzerland;Switzerland
972;Melanoides tuberculata United Kingdom;Melanoides;tuberculata;Melanoides tuberculata;United Kingdom;United Kingdom
973;Melanoides tuberculata Sweden;Melanoides;tuberculata;Melanoides tuberculata;Sweden;Sweden
974;Melanoides tuberculata Greece;Melanoides;tuberculata;Melanoides tuberculata;Greece;Greece
975;Melanoides tuberculata Belgium;Melanoides;tuberculata;Melanoides tuberculata;Belgium;Belgium
976;Physella acuta Sweden;Physella;acuta;Physella acuta;Sweden;Sweden
977;Physella acuta Greece;Physella;acuta;Physella acuta;Greece;Greece
978;Physella acuta Slovakia;Physella;acuta;Physella acuta;Slovakia;Slovakia
979;Physella acuta Finland;Physella;acuta;Physella acuta;Finland;Finland
980;Physella acuta Slovenia;Physella;acuta;Physella acuta;Slovenia;Slovenia
981;Physella acuta Liechtenstein;Physella;acuta;Physella acuta;Liechtenstein;Liechtenstein
982;Physella acuta Norway;Physella;acuta;Physella acuta;Norway;Norway
983;Physella acuta Albania;Physella;acuta;Physella acuta;Albania;Albania
984;Physella acuta Croatia;Physella;acuta;Physella acuta;Croatia;Croatia
985;Physella acuta San Marino;Physella;acuta;Physella acuta;San Marino;San Marino
986;Planorbella duryi Spain;Planorbella;duryi;Planorbella duryi;Spain;Spain
987;Planorbella duryi Netherlands;Planorbella;duryi;Planorbella duryi;Netherlands;Netherlands
988;Planorbella trivolvis Germany;Planorbella;trivolvis;Planorbella trivolvis;Germany;Germany
989;Pseudosuccinea columella Sweden;Pseudosuccinea;columella;Pseudosuccinea columella;Sweden;Sweden
990;Pseudosuccinea columella France;Pseudosuccinea;columella;Pseudosuccinea columella;France;France
991;Radix rubiginosa Belgium;Radix;rubiginosa;Radix rubiginosa;Belgium;Belgium
992;Radix rubiginosa United Kingdom;Radix;rubiginosa;Radix rubiginosa;United Kingdom;United Kingdom
993;Viviparus acerosus Netherlands;Viviparus;acerosus;Viviparus acerosus;Netherlands;Netherlands
994;Girardia tigrina United Kingdom;Girardia;tigrina;Girardia tigrina;United Kingdom;United Kingdom
;Girardia tigrina Denmark;Girardia;tigrina;Girardia tigrina;Denmark;Denmark
